0,3
0.01,1.5
0.02,0
0.03,0
0.04,0
0.05,0
0.06,0
0.07,0
0.08,0
0.09,0
0.1,0
0.11,0
0.12,0
0.13,0
0.14,0
0.15,0
0.16,0
0.17,0
0.18,0
0.19,0
0.2,0
0.21,0
0.22,0
0.23,0
0.24,0
0.25,0
0.26,0
0.27,0
0.28,0
0.29,0
0.3,0
0.31,0
0.32,0
0.33,0
0.34,0
0.35,0
0.36,0
0.37,0
0.38,0
0.39,0
0.4,0
0.41,0
0.42,0
0.43,0
0.44,0
0.45,0
0.46,0
0.47,0
0.48,0
0.49,0
0.5,0
0.51,0
0.52,0
0.53,0
0.54,0
0.55,0
0.56,0
0.57,0
0.58,0
0.59,0
0.6,0
0.61,0
0.62,0
0.63,0
0.64,0
0.65,0
0.66,0
0.67,0
0.68,0
0.69,0
0.7,0
0.71,0
0.72,0
0.73,0
0.74,0
0.75,0
0.76,0
0.77,0
0.78,0
0.79,0
0.8,0
0.81,0
0.82,0
0.83,0
0.84,0
0.85,0
0.86,0
0.87,0
0.88,0
0.89,0
0.9,0
0.91,0
0.92,0
0.93,0
0.94,0
0.95,0
0.96,0
0.97,0
0.98,0
0.99,1.5
1,3
0,3
0.01,2.76357
0.02,2.52715
0.03,2.29981
0.04,2.07248
0.05,1.8623
0.06,1.65213
0.07,1.4653
0.08,1.27848
0.09,1.11883
0.1,0.959182
0.11,0.828042
0.12,0.696901
0.13,0.59337
0.14,0.489838
0.15,0.411296
0.16,0.332755
0.17,0.275513
0.18,0.218271
0.19,0.178202
0.2,0.138132
0.21,0.1112
0.22,0.0842684
0.23,0.066893
0.24,0.0495176
0.25,0.0387614
0.26,0.0280051
0.27,0.0216186
0.28,0.0152321
0.29,0.0115968
0.3,0.00796136
0.31,0.00597842
0.32,0.00399548
0.33,0.00295961
0.34,0.00192375
0.35,0.00140581
0.36,0.000887881
0.37,0.000640174
0.38,0.000392467
0.39,0.000279231
0.4,0.000165994
0.41,0.000116556
0.42,6.71169e-005
0.43,4.65273e-005
0.44,2.59377e-005
0.45,1.7792e-005
0.46,9.64622e-006
0.47,6.67346e-006
0.48,3.70069e-006
0.49,2.96729e-006
0.5,2.23389e-006
0.51,2.96729e-006
0.52,3.70069e-006
0.53,6.67346e-006
0.54,9.64622e-006
0.55,1.7792e-005
0.56,2.59377e-005
0.57,4.65273e-005
0.58,6.71169e-005
0.59,0.000116556
0.6,0.000165994
0.61,0.000279231
0.62,0.000392467
0.63,0.000640174
0.64,0.000887881
0.65,0.00140581
0.66,0.00192375
0.67,0.00295961
0.68,0.00399548
0.69,0.00597842
0.7,0.00796136
0.71,0.0115968
0.72,0.0152321
0.73,0.0216186
0.74,0.0280051
0.75,0.0387614
0.76,0.0495176
0.77,0.066893
0.78,0.0842684
0.79,0.1112
0.8,0.138132
0.81,0.178202
0.82,0.218271
0.83,0.275513
0.84,0.332755
0.85,0.411296
0.86,0.489838
0.87,0.59337
0.88,0.696901
0.89,0.828042
0.9,0.959182
0.91,1.11883
0.92,1.27848
0.93,1.4653
0.94,1.65213
0.95,1.8623
0.96,2.07248
0.97,2.29981
0.98,2.52715
0.99,2.76357
1,3
0,3
0.01,2.83179
0.02,2.66358
0.03,2.49867
0.04,2.33376
0.05,2.17526
0.06,2.01675
0.07,1.86739
0.08,1.71803
0.09,1.58005
0.1,1.44206
0.11,1.3171
0.12,1.19213
0.13,1.08119
0.14,0.970235
0.15,0.873668
0.16,0.777101
0.17,0.694708
0.18,0.612316
0.19,0.543406
0.2,0.474496
0.21,0.418002
0.22,0.361509
0.23,0.316112
0.24,0.270715
0.25,0.23496
0.26,0.199205
0.27,0.171605
0.28,0.144005
0.29,0.123125
0.3,0.102246
0.31,0.0867666
0.32,0.0712874
0.33,0.0600431
0.34,0.0487989
0.35,0.0407971
0.36,0.0327952
0.37,0.0272191
0.38,0.0216429
0.39,0.0178418
0.4,0.0140407
0.41,0.0115134
0.42,0.00898597
0.43,0.0073596
0.44,0.00573324
0.45,0.0047433
0.46,0.00375337
0.47,0.00322515
0.48,0.00269694
0.49,0.00253152
0.5,0.00236611
0.51,0.00253152
0.52,0.00269694
0.53,0.00322515
0.54,0.00375337
0.55,0.0047433
0.56,0.00573324
0.57,0.0073596
0.58,0.00898597
0.59,0.0115134
0.6,0.0140407
0.61,0.0178418
0.62,0.0216429
0.63,0.0272191
0.64,0.0327952
0.65,0.0407971
0.66,0.0487989
0.67,0.0600431
0.68,0.0712874
0.69,0.0867666
0.7,0.102246
0.71,0.123125
0.72,0.144005
0.73,0.171605
0.74,0.199205
0.75,0.23496
0.76,0.270715
0.77,0.316112
0.78,0.361509
0.79,0.418002
0.8,0.474496
0.81,0.543406
0.82,0.612316
0.83,0.694708
0.84,0.777101
0.85,0.873668
0.86,0.970235
0.87,1.08119
0.88,1.19213
0.89,1.3171
0.9,1.44206
0.91,1.58005
0.92,1.71803
0.93,1.86739
0.94,2.01675
0.95,2.17526
0.96,2.33376
0.97,2.49867
0.98,2.66358
0.99,2.83179
1,3
0,3
0.01,2.86237
0.02,2.72475
0.03,2.58893
0.04,2.45312
0.05,2.32086
0.06,2.18859
0.07,2.06148
0.08,1.93437
0.09,1.81382
0.1,1.69327
0.11,1.58045
0.12,1.46763
0.13,1.36343
0.14,1.25923
0.15,1.16426
0.16,1.0693
0.17,0.98389
0.18,0.898482
0.19,0.822683
0.2,0.746884
0.21,0.680503
0.22,0.614122
0.23,0.556759
0.24,0.499396
0.25,0.450484
0.26,0.401573
0.27,0.360425
0.28,0.319277
0.29,0.285126
0.3,0.250976
0.31,0.223021
0.32,0.195066
0.33,0.172505
0.34,0.149944
0.35,0.132007
0.36,0.114071
0.37,0.100045
0.38,0.0860186
0.39,0.0752639
0.4,0.0645092
0.41,0.0564738
0.42,0.0484384
0.43,0.0426653
0.44,0.0368922
0.45,0.0330241
0.46,0.0291561
0.47,0.0269375
0.48,0.0247189
0.49,0.0239964
0.5,0.0232739
0.51,0.0239964
0.52,0.0247189
0.53,0.0269375
0.54,0.0291561
0.55,0.0330241
0.56,0.0368922
0.57,0.0426653
0.58,0.0484384
0.59,0.0564738
0.6,0.0645092
0.61,0.0752639
0.62,0.0860186
0.63,0.100045
0.64,0.114071
0.65,0.132007
0.66,0.149944
0.67,0.172505
0.68,0.195066
0.69,0.223021
0.7,0.250976
0.71,0.285126
0.72,0.319277
0.73,0.360425
0.74,0.401573
0.75,0.450484
0.76,0.499396
0.77,0.556759
0.78,0.614122
0.79,0.680503
0.8,0.746884
0.81,0.822683
0.82,0.898482
0.83,0.98389
0.84,1.0693
0.85,1.16426
0.86,1.25923
0.87,1.36343
0.88,1.46763
0.89,1.58045
0.9,1.69327
0.91,1.81382
0.92,1.93437
0.93,2.06148
0.94,2.18859
0.95,2.32086
0.96,2.45312
0.97,2.58893
0.98,2.72475
0.99,2.86237
1,3
0,3
0.01,2.88069
0.02,2.76138
0.03,2.64325
0.04,2.52512
0.05,2.40933
0.06,2.29353
0.07,2.18113
0.08,2.06874
0.09,1.96073
0.1,1.85273
0.11,1.74997
0.12,1.64721
0.13,1.55041
0.14,1.45361
0.15,1.36333
0.16,1.27305
0.17,1.18969
0.18,1.10633
0.19,1.03013
0.2,0.95393
0.21,0.884971
0.22,0.816011
0.23,0.754236
0.24,0.692462
0.25,0.637689
0.26,0.582916
0.27,0.534858
0.28,0.4868
0.29,0.445087
0.3,0.403373
0.31,0.367576
0.32,0.331779
0.33,0.301434
0.34,0.271088
0.35,0.245715
0.36,0.220343
0.37,0.199472
0.38,0.178601
0.39,0.161787
0.4,0.144972
0.41,0.131811
0.42,0.11865
0.43,0.108795
0.44,0.0989389
0.45,0.0921071
0.46,0.0852753
0.47,0.0812606
0.48,0.0772459
0.49,0.0759218
0.5,0.0745978
0.51,0.0759218
0.52,0.0772459
0.53,0.0812606
0.54,0.0852753
0.55,0.0921071
0.56,0.0989389
0.57,0.108795
0.58,0.11865
0.59,0.131811
0.6,0.144972
0.61,0.161787
0.62,0.178601
0.63,0.199472
0.64,0.220343
0.65,0.245715
0.66,0.271088
0.67,0.301434
0.68,0.331779
0.69,0.367576
0.7,0.403373
0.71,0.445087
0.72,0.4868
0.73,0.534858
0.74,0.582916
0.75,0.637689
0.76,0.692462
0.77,0.754236
0.78,0.816011
0.79,0.884971
0.8,0.95393
0.81,1.03013
0.82,1.10633
0.83,1.18969
0.84,1.27305
0.85,1.36333
0.86,1.45361
0.87,1.55041
0.88,1.64721
0.89,1.74997
0.9,1.85273
0.91,1.96073
0.92,2.06874
0.93,2.18113
0.94,2.29353
0.95,2.40933
0.96,2.52512
0.97,2.64325
0.98,2.76138
0.99,2.88069
1,3
0,3
0.01,2.89323
0.02,2.78646
0.03,2.68054
0.04,2.57461
0.05,2.47037
0.06,2.36612
0.07,2.26435
0.08,2.16257
0.09,2.064
0.1,1.96542
0.11,1.87071
0.12,1.776
0.13,1.68573
0.14,1.59546
0.15,1.51011
0.16,1.42476
0.17,1.34472
0.18,1.26468
0.19,1.19024
0.2,1.11579
0.21,1.04711
0.22,0.978439
0.23,0.915625
0.24,0.852811
0.25,0.795857
0.26,0.738902
0.27,0.687728
0.28,0.636555
0.29,0.591017
0.3,0.545479
0.31,0.50538
0.32,0.465281
0.33,0.430385
0.34,0.39549
0.35,0.365539
0.36,0.335589
0.37,0.310316
0.38,0.285044
0.39,0.264186
0.4,0.243328
0.41,0.226639
0.42,0.209951
0.43,0.197215
0.44,0.184478
0.45,0.175516
0.46,0.166553
0.47,0.16123
0.48,0.155907
0.49,0.154142
0.5,0.152377
0.51,0.154142
0.52,0.155907
0.53,0.16123
0.54,0.166553
0.55,0.175516
0.56,0.184478
0.57,0.197215
0.58,0.209951
0.59,0.226639
0.6,0.243328
0.61,0.264186
0.62,0.285044
0.63,0.310316
0.64,0.335589
0.65,0.365539
0.66,0.39549
0.67,0.430385
0.68,0.465281
0.69,0.50538
0.7,0.545479
0.71,0.591017
0.72,0.636555
0.73,0.687728
0.74,0.738902
0.75,0.795857
0.76,0.852811
0.77,0.915625
0.78,0.978439
0.79,1.04711
0.8,1.11579
0.81,1.19024
0.82,1.26468
0.83,1.34472
0.84,1.42476
0.85,1.51011
0.86,1.59546
0.87,1.68573
0.88,1.776
0.89,1.87071
0.9,1.96542
0.91,2.064
0.92,2.16257
0.93,2.26435
0.94,2.36612
0.95,2.47037
0.96,2.57461
0.97,2.68054
0.98,2.78646
0.99,2.89323
1,3
0,3
0.01,2.90253
0.02,2.80506
0.03,2.70824
0.04,2.61142
0.05,2.51589
0.06,2.42036
0.07,2.32673
0.08,2.2331
0.09,2.14196
0.1,2.05081
0.11,1.96268
0.12,1.87455
0.13,1.78991
0.14,1.70528
0.15,1.62456
0.16,1.54383
0.17,1.46738
0.18,1.39093
0.19,1.31903
0.2,1.24713
0.21,1.18001
0.22,1.11289
0.23,1.0507
0.24,0.988508
0.25,0.931342
0.26,0.874176
0.27,0.822072
0.28,0.769967
0.29,0.72291
0.3,0.675853
0.31,0.63379
0.32,0.591726
0.33,0.554568
0.34,0.51741
0.35,0.485047
0.36,0.452684
0.37,0.424991
0.38,0.397298
0.39,0.374144
0.4,0.35099
0.41,0.332249
0.42,0.313508
0.43,0.299065
0.44,0.284622
0.45,0.274379
0.46,0.264137
0.47,0.258022
0.48,0.251907
0.49,0.249874
0.5,0.24784
0.51,0.249874
0.52,0.251907
0.53,0.258022
0.54,0.264137
0.55,0.274379
0.56,0.284622
0.57,0.299065
0.58,0.313508
0.59,0.332249
0.6,0.35099
0.61,0.374144
0.62,0.397298
0.63,0.424991
0.64,0.452684
0.65,0.485047
0.66,0.51741
0.67,0.554568
0.68,0.591726
0.69,0.63379
0.7,0.675853
0.71,0.72291
0.72,0.769967
0.73,0.822072
0.74,0.874176
0.75,0.931342
0.76,0.988508
0.77,1.0507
0.78,1.11289
0.79,1.18001
0.8,1.24713
0.81,1.31903
0.82,1.39093
0.83,1.46738
0.84,1.54383
0.85,1.62456
0.86,1.70528
0.87,1.78991
0.88,1.87455
0.89,1.96268
0.9,2.05081
0.91,2.14196
0.92,2.2331
0.93,2.32673
0.94,2.42036
0.95,2.51589
0.96,2.61142
0.97,2.70824
0.98,2.80506
0.99,2.90253
1,3
0,3
0.01,2.90983
0.02,2.81967
0.03,2.73002
0.04,2.64038
0.05,2.55178
0.06,2.46318
0.07,2.37611
0.08,2.28905
0.09,2.20401
0.1,2.11896
0.11,2.03638
0.12,1.95379
0.13,1.87408
0.14,1.79438
0.15,1.71791
0.16,1.64145
0.17,1.56855
0.18,1.49566
0.19,1.42661
0.2,1.35757
0.21,1.29261
0.22,1.22766
0.23,1.16697
0.24,1.10629
0.25,1.05002
0.26,0.993755
0.27,0.942008
0.28,0.890262
0.29,0.8431
0.3,0.795939
0.31,0.753395
0.32,0.710851
0.33,0.67293
0.34,0.635009
0.35,0.601693
0.36,0.568378
0.37,0.539637
0.38,0.510895
0.39,0.486686
0.4,0.462476
0.41,0.442752
0.42,0.423027
0.43,0.407743
0.44,0.392458
0.45,0.381572
0.46,0.370687
0.47,0.364169
0.48,0.357651
0.49,0.35548
0.5,0.35331
0.51,0.35548
0.52,0.357651
0.53,0.364169
0.54,0.370687
0.55,0.381572
0.56,0.392458
0.57,0.407743
0.58,0.423027
0.59,0.442752
0.6,0.462476
0.61,0.486686
0.62,0.510895
0.63,0.539637
0.64,0.568378
0.65,0.601693
0.66,0.635009
0.67,0.67293
0.68,0.710851
0.69,0.753395
0.7,0.795939
0.71,0.8431
0.72,0.890262
0.73,0.942008
0.74,0.993755
0.75,1.05002
0.76,1.10629
0.77,1.16697
0.78,1.22766
0.79,1.29261
0.8,1.35757
0.81,1.42661
0.82,1.49566
0.83,1.56855
0.84,1.64145
0.85,1.71791
0.86,1.79438
0.87,1.87408
0.88,1.95379
0.89,2.03638
0.9,2.11896
0.91,2.20401
0.92,2.28905
0.93,2.37611
0.94,2.46318
0.95,2.55178
0.96,2.64038
0.97,2.73002
0.98,2.81967
0.99,2.90983
1,3
0,3
0.01,2.91583
0.02,2.83166
0.03,2.74794
0.04,2.66421
0.05,2.58135
0.06,2.4985
0.07,2.41694
0.08,2.33538
0.09,2.25552
0.1,2.17566
0.11,2.0979
0.12,2.02013
0.13,1.94481
0.14,1.86949
0.15,1.79696
0.16,1.72443
0.17,1.65498
0.18,1.58553
0.19,1.51944
0.2,1.45335
0.21,1.39085
0.22,1.32835
0.23,1.26965
0.24,1.21095
0.25,1.15622
0.26,1.10148
0.27,1.05086
0.28,1.00023
0.29,0.953823
0.3,0.907416
0.31,0.865312
0.32,0.823208
0.33,0.78547
0.34,0.747731
0.35,0.714399
0.36,0.681068
0.37,0.652169
0.38,0.623271
0.39,0.59882
0.4,0.574368
0.41,0.554369
0.42,0.53437
0.43,0.518821
0.44,0.503273
0.45,0.492172
0.46,0.48107
0.47,0.474412
0.48,0.467753
0.49,0.465534
0.5,0.463315
0.51,0.465534
0.52,0.467753
0.53,0.474412
0.54,0.48107
0.55,0.492172
0.56,0.503273
0.57,0.518821
0.58,0.53437
0.59,0.554369
0.6,0.574368
0.61,0.59882
0.62,0.623271
0.63,0.652169
0.64,0.681068
0.65,0.714399
0.66,0.747731
0.67,0.78547
0.68,0.823208
0.69,0.865312
0.7,0.907416
0.71,0.953823
0.72,1.00023
0.73,1.05086
0.74,1.10148
0.75,1.15622
0.76,1.21095
0.77,1.26965
0.78,1.32835
0.79,1.39085
0.8,1.45335
0.81,1.51944
0.82,1.58553
0.83,1.65498
0.84,1.72443
0.85,1.79696
0.86,1.86949
0.87,1.94481
0.88,2.02013
0.89,2.0979
0.9,2.17566
0.91,2.25552
0.92,2.33538
0.93,2.41694
0.94,2.4985
0.95,2.58135
0.96,2.66421
0.97,2.74794
0.98,2.83166
0.99,2.91583
1,3
0,3
0.01,2.92094
0.02,2.84189
0.03,2.76321
0.04,2.68453
0.05,2.60661
0.06,2.52869
0.07,2.4519
0.08,2.3751
0.09,2.29979
0.1,2.22448
0.11,2.151
0.12,2.07751
0.13,2.00618
0.14,1.93485
0.15,1.86597
0.16,1.79709
0.17,1.73095
0.18,1.66481
0.19,1.60167
0.2,1.53852
0.21,1.47861
0.22,1.4187
0.23,1.36223
0.24,1.30575
0.25,1.25291
0.26,1.20006
0.27,1.15099
0.28,1.10193
0.29,1.05678
0.3,1.01164
0.31,0.970532
0.32,0.929423
0.33,0.892446
0.34,0.855469
0.35,0.822701
0.36,0.789932
0.37,0.761433
0.38,0.732935
0.39,0.708754
0.4,0.684574
0.41,0.664748
0.42,0.644922
0.43,0.629477
0.44,0.614032
0.45,0.602988
0.46,0.591944
0.47,0.585313
0.48,0.578682
0.49,0.57647
0.5,0.574259
0.51,0.57647
0.52,0.578682
0.53,0.585313
0.54,0.591944
0.55,0.602988
0.56,0.614032
0.57,0.629477
0.58,0.644922
0.59,0.664748
0.6,0.684574
0.61,0.708754
0.62,0.732935
0.63,0.761433
0.64,0.789932
0.65,0.822701
0.66,0.855469
0.67,0.892446
0.68,0.929423
0.69,0.970532
0.7,1.01164
0.71,1.05678
0.72,1.10193
0.73,1.15099
0.74,1.20006
0.75,1.25291
0.76,1.30575
0.77,1.36223
0.78,1.4187
0.79,1.47861
0.8,1.53852
0.81,1.60167
0.82,1.66481
0.83,1.73095
0.84,1.79709
0.85,1.86597
0.86,1.93485
0.87,2.00618
0.88,2.07751
0.89,2.151
0.9,2.22448
0.91,2.29979
0.92,2.3751
0.93,2.4519
0.94,2.52869
0.95,2.60661
0.96,2.68453
0.97,2.76321
0.98,2.84189
0.99,2.92094
1,3
0,3
0.01,2.92543
0.02,2.85085
0.03,2.77662
0.04,2.70238
0.05,2.62882
0.06,2.55526
0.07,2.4827
0.08,2.41014
0.09,2.3389
0.1,2.26767
0.11,2.19807
0.12,2.12847
0.13,2.0608
0.14,1.99313
0.15,1.92767
0.16,1.86222
0.17,1.79924
0.18,1.73626
0.19,1.67601
0.2,1.61576
0.21,1.55846
0.22,1.50116
0.23,1.44703
0.24,1.39289
0.25,1.34211
0.26,1.29133
0.27,1.24406
0.28,1.1968
0.29,1.15321
0.3,1.10961
0.31,1.06982
0.32,1.03003
0.33,0.994161
0.34,0.958287
0.35,0.926428
0.36,0.894568
0.37,0.866805
0.38,0.839042
0.39,0.815443
0.4,0.791844
0.41,0.772465
0.42,0.753087
0.43,0.737971
0.44,0.722856
0.45,0.712036
0.46,0.701217
0.47,0.694716
0.48,0.688216
0.49,0.686048
0.5,0.683879
0.51,0.686048
0.52,0.688216
0.53,0.694716
0.54,0.701217
0.55,0.712036
0.56,0.722856
0.57,0.737971
0.58,0.753087
0.59,0.772465
0.6,0.791844
0.61,0.815443
0.62,0.839042
0.63,0.866805
0.64,0.894568
0.65,0.926428
0.66,0.958287
0.67,0.994161
0.68,1.03003
0.69,1.06982
0.7,1.10961
0.71,1.15321
0.72,1.1968
0.73,1.24406
0.74,1.29133
0.75,1.34211
0.76,1.39289
0.77,1.44703
0.78,1.50116
0.79,1.55846
0.8,1.61576
0.81,1.67601
0.82,1.73626
0.83,1.79924
0.84,1.86222
0.85,1.92767
0.86,1.99313
0.87,2.0608
0.88,2.12847
0.89,2.19807
0.9,2.26767
0.91,2.3389
0.92,2.41014
0.93,2.4827
0.94,2.55526
0.95,2.62882
0.96,2.70238
0.97,2.77662
0.98,2.85085
0.99,2.92543
1,3
0,3
0.01,2.92945
0.02,2.8589
0.03,2.78866
0.04,2.71841
0.05,2.64878
0.06,2.57915
0.07,2.51043
0.08,2.44171
0.09,2.37419
0.1,2.30667
0.11,2.24065
0.12,2.17462
0.13,2.11035
0.14,2.04609
0.15,1.98386
0.16,1.92162
0.17,1.86166
0.18,1.8017
0.19,1.74426
0.2,1.68681
0.21,1.6321
0.22,1.57739
0.23,1.52562
0.24,1.47385
0.25,1.4252
0.26,1.37655
0.27,1.33121
0.28,1.28586
0.29,1.24397
0.3,1.20208
0.31,1.16378
0.32,1.12548
0.33,1.0909
0.34,1.05632
0.35,1.02557
0.36,0.994811
0.37,0.967977
0.38,0.941142
0.39,0.918306
0.4,0.89547
0.41,0.876698
0.42,0.857927
0.43,0.843273
0.44,0.82862
0.45,0.818124
0.46,0.807629
0.47,0.80132
0.48,0.795012
0.49,0.792907
0.5,0.790802
0.51,0.792907
0.52,0.795012
0.53,0.80132
0.54,0.807629
0.55,0.818124
0.56,0.82862
0.57,0.843273
0.58,0.857927
0.59,0.876698
0.6,0.89547
0.61,0.918306
0.62,0.941142
0.63,0.967977
0.64,0.994811
0.65,1.02557
0.66,1.05632
0.67,1.0909
0.68,1.12548
0.69,1.16378
0.7,1.20208
0.71,1.24397
0.72,1.28586
0.73,1.33121
0.74,1.37655
0.75,1.4252
0.76,1.47385
0.77,1.52562
0.78,1.57739
0.79,1.6321
0.8,1.68681
0.81,1.74426
0.82,1.8017
0.83,1.86166
0.84,1.92162
0.85,1.98386
0.86,2.04609
0.87,2.11035
0.88,2.17462
0.89,2.24065
0.9,2.30667
0.91,2.37419
0.92,2.44171
0.93,2.51043
0.94,2.57915
0.95,2.64878
0.96,2.71841
0.97,2.78866
0.98,2.8589
0.99,2.92945
1,3
0,3
0.01,2.93313
0.02,2.86625
0.03,2.79966
0.04,2.73307
0.05,2.66703
0.06,2.601
0.07,2.53581
0.08,2.47062
0.09,2.40654
0.1,2.34246
0.11,2.27975
0.12,2.21705
0.13,2.15597
0.14,2.0949
0.15,2.0357
0.16,1.97651
0.17,1.91943
0.18,1.86235
0.19,1.80761
0.2,1.75287
0.21,1.70068
0.22,1.64849
0.23,1.59906
0.24,1.54962
0.25,1.50312
0.26,1.45662
0.27,1.41323
0.28,1.36984
0.29,1.32971
0.3,1.28958
0.31,1.25285
0.32,1.21612
0.33,1.18293
0.34,1.14974
0.35,1.12019
0.36,1.09064
0.37,1.06484
0.38,1.03903
0.39,1.01706
0.4,0.995079
0.41,0.977003
0.42,0.958927
0.43,0.944808
0.44,0.93069
0.45,0.920573
0.46,0.910457
0.47,0.904374
0.48,0.898292
0.49,0.896262
0.5,0.894233
0.51,0.896262
0.52,0.898292
0.53,0.904374
0.54,0.910457
0.55,0.920573
0.56,0.93069
0.57,0.944808
0.58,0.958927
0.59,0.977003
0.6,0.995079
0.61,1.01706
0.62,1.03903
0.63,1.06484
0.64,1.09064
0.65,1.12019
0.66,1.14974
0.67,1.18293
0.68,1.21612
0.69,1.25285
0.7,1.28958
0.71,1.32971
0.72,1.36984
0.73,1.41323
0.74,1.45662
0.75,1.50312
0.76,1.54962
0.77,1.59906
0.78,1.64849
0.79,1.70068
0.8,1.75287
0.81,1.80761
0.82,1.86235
0.83,1.91943
0.84,1.97651
0.85,2.0357
0.86,2.0949
0.87,2.15597
0.88,2.21705
0.89,2.27975
0.9,2.34246
0.91,2.40654
0.92,2.47062
0.93,2.53581
0.94,2.601
0.95,2.66703
0.96,2.73307
0.97,2.79966
0.98,2.86625
0.99,2.93313
1,3
0,3
0.01,2.93652
0.02,2.87305
0.03,2.80983
0.04,2.74662
0.05,2.68393
0.06,2.62124
0.07,2.55932
0.08,2.49741
0.09,2.43654
0.1,2.37566
0.11,2.31606
0.12,2.25647
0.13,2.1984
0.14,2.14032
0.15,2.08401
0.16,2.02769
0.17,1.97335
0.18,1.91902
0.19,1.86688
0.2,1.81473
0.21,1.76499
0.22,1.71524
0.23,1.66809
0.24,1.62093
0.25,1.57654
0.26,1.53216
0.27,1.49071
0.28,1.44926
0.29,1.41089
0.3,1.37253
0.31,1.3374
0.32,1.30227
0.33,1.2705
0.34,1.23872
0.35,1.21042
0.36,1.18212
0.37,1.15739
0.38,1.13266
0.39,1.11159
0.4,1.09052
0.41,1.07318
0.42,1.05584
0.43,1.04229
0.44,1.02874
0.45,1.01903
0.46,1.00932
0.47,1.00348
0.48,0.997642
0.49,0.995694
0.5,0.993745
0.51,0.995694
0.52,0.997642
0.53,1.00348
0.54,1.00932
0.55,1.01903
0.56,1.02874
0.57,1.04229
0.58,1.05584
0.59,1.07318
0.6,1.09052
0.61,1.11159
0.62,1.13266
0.63,1.15739
0.64,1.18212
0.65,1.21042
0.66,1.23872
0.67,1.2705
0.68,1.30227
0.69,1.3374
0.7,1.37253
0.71,1.41089
0.72,1.44926
0.73,1.49071
0.74,1.53216
0.75,1.57654
0.76,1.62093
0.77,1.66809
0.78,1.71524
0.79,1.76499
0.8,1.81473
0.81,1.86688
0.82,1.91902
0.83,1.97335
0.84,2.02769
0.85,2.08401
0.86,2.14032
0.87,2.1984
0.88,2.25647
0.89,2.31606
0.9,2.37566
0.91,2.43654
0.92,2.49741
0.93,2.55932
0.94,2.62124
0.95,2.68393
0.96,2.74662
0.97,2.80983
0.98,2.87305
0.99,2.93652
1,3
0,3
0.01,2.93969
0.02,2.87939
0.03,2.81933
0.04,2.75927
0.05,2.6997
0.06,2.64013
0.07,2.58129
0.08,2.52245
0.09,2.46458
0.1,2.40671
0.11,2.35004
0.12,2.29338
0.13,2.23814
0.14,2.1829
0.15,2.12931
0.16,2.07573
0.17,2.02401
0.18,1.97228
0.19,1.92263
0.2,1.87297
0.21,1.82557
0.22,1.77818
0.23,1.73323
0.24,1.68828
0.25,1.64595
0.26,1.60362
0.27,1.56407
0.28,1.52452
0.29,1.4879
0.3,1.45128
0.31,1.41773
0.32,1.38418
0.33,1.35382
0.34,1.32347
0.35,1.29641
0.36,1.26936
0.37,1.24572
0.38,1.22207
0.39,1.20191
0.4,1.18176
0.41,1.16517
0.42,1.14858
0.43,1.13561
0.44,1.12265
0.45,1.11335
0.46,1.10406
0.47,1.09847
0.48,1.09288
0.49,1.09101
0.5,1.08915
0.51,1.09101
0.52,1.09288
0.53,1.09847
0.54,1.10406
0.55,1.11335
0.56,1.12265
0.57,1.13561
0.58,1.14858
0.59,1.16517
0.6,1.18176
0.61,1.20191
0.62,1.22207
0.63,1.24572
0.64,1.26936
0.65,1.29641
0.66,1.32347
0.67,1.35382
0.68,1.38418
0.69,1.41773
0.7,1.45128
0.71,1.4879
0.72,1.52452
0.73,1.56407
0.74,1.60362
0.75,1.64595
0.76,1.68828
0.77,1.73323
0.78,1.77818
0.79,1.82557
0.8,1.87297
0.81,1.92263
0.82,1.97228
0.83,2.02401
0.84,2.07573
0.85,2.12931
0.86,2.1829
0.87,2.23814
0.88,2.29338
0.89,2.35004
0.9,2.40671
0.91,2.46458
0.92,2.52245
0.93,2.58129
0.94,2.64013
0.95,2.6997
0.96,2.75927
0.97,2.81933
0.98,2.87939
0.99,2.93969
1,3
0,3
0.01,2.94267
0.02,2.88534
0.03,2.82825
0.04,2.77115
0.05,2.71451
0.06,2.65788
0.07,2.60193
0.08,2.54598
0.09,2.49095
0.1,2.43591
0.11,2.38201
0.12,2.32811
0.13,2.27556
0.14,2.22301
0.15,2.17201
0.16,2.12102
0.17,2.07178
0.18,2.02255
0.19,1.97527
0.2,1.92799
0.21,1.88284
0.22,1.8377
0.23,1.79488
0.24,1.75205
0.25,1.71171
0.26,1.67136
0.27,1.63366
0.28,1.59595
0.29,1.56103
0.3,1.52611
0.31,1.4941
0.32,1.46209
0.33,1.43312
0.34,1.40416
0.35,1.37833
0.36,1.35251
0.37,1.32994
0.38,1.30736
0.39,1.28811
0.4,1.26886
0.41,1.25302
0.42,1.23717
0.43,1.22478
0.44,1.2124
0.45,1.20352
0.46,1.19464
0.47,1.1893
0.48,1.18395
0.49,1.18217
0.5,1.18039
0.51,1.18217
0.52,1.18395
0.53,1.1893
0.54,1.19464
0.55,1.20352
0.56,1.2124
0.57,1.22478
0.58,1.23717
0.59,1.25302
0.6,1.26886
0.61,1.28811
0.62,1.30736
0.63,1.32994
0.64,1.35251
0.65,1.37833
0.66,1.40416
0.67,1.43312
0.68,1.46209
0.69,1.4941
0.7,1.52611
0.71,1.56103
0.72,1.59595
0.73,1.63366
0.74,1.67136
0.75,1.71171
0.76,1.75205
0.77,1.79488
0.78,1.8377
0.79,1.88284
0.8,1.92799
0.81,1.97527
0.82,2.02255
0.83,2.07178
0.84,2.12102
0.85,2.17201
0.86,2.22301
0.87,2.27556
0.88,2.32811
0.89,2.38201
0.9,2.43591
0.91,2.49095
0.92,2.54598
0.93,2.60193
0.94,2.65788
0.95,2.71451
0.96,2.77115
0.97,2.82825
0.98,2.88534
0.99,2.94267
1,3
0,3
0.01,2.94548
0.02,2.89096
0.03,2.83666
0.04,2.78235
0.05,2.72849
0.06,2.67462
0.07,2.6214
0.08,2.56819
0.09,2.51583
0.1,2.46348
0.11,2.4122
0.12,2.36092
0.13,2.31091
0.14,2.26091
0.15,2.21238
0.16,2.16385
0.17,2.11698
0.18,2.07012
0.19,2.0251
0.2,1.98009
0.21,1.9371
0.22,1.89412
0.23,1.85333
0.24,1.81254
0.25,1.7741
0.26,1.73567
0.27,1.69974
0.28,1.66381
0.29,1.63053
0.3,1.59724
0.31,1.56673
0.32,1.53622
0.33,1.5086
0.34,1.48098
0.35,1.45635
0.36,1.43173
0.37,1.41019
0.38,1.38866
0.39,1.3703
0.4,1.35194
0.41,1.33682
0.42,1.3217
0.43,1.30988
0.44,1.29806
0.45,1.28959
0.46,1.28112
0.47,1.27602
0.48,1.27092
0.49,1.26922
0.5,1.26752
0.51,1.26922
0.52,1.27092
0.53,1.27602
0.54,1.28112
0.55,1.28959
0.56,1.29806
0.57,1.30988
0.58,1.3217
0.59,1.33682
0.6,1.35194
0.61,1.3703
0.62,1.38866
0.63,1.41019
0.64,1.43173
0.65,1.45635
0.66,1.48098
0.67,1.5086
0.68,1.53622
0.69,1.56673
0.7,1.59724
0.71,1.63053
0.72,1.66381
0.73,1.69974
0.74,1.73567
0.75,1.7741
0.76,1.81254
0.77,1.85333
0.78,1.89412
0.79,1.9371
0.8,1.98009
0.81,2.0251
0.82,2.07012
0.83,2.11698
0.84,2.16385
0.85,2.21238
0.86,2.26091
0.87,2.31091
0.88,2.36092
0.89,2.4122
0.9,2.46348
0.91,2.51583
0.92,2.56819
0.93,2.6214
0.94,2.67462
0.95,2.72849
0.96,2.78235
0.97,2.83666
0.98,2.89096
0.99,2.94548
1,3
0,3
0.01,2.94814
0.02,2.89627
0.03,2.84461
0.04,2.79295
0.05,2.74171
0.06,2.69046
0.07,2.63983
0.08,2.5892
0.09,2.53939
0.1,2.48958
0.11,2.44078
0.12,2.39199
0.13,2.3444
0.14,2.29681
0.15,2.25062
0.16,2.20443
0.17,2.15982
0.18,2.11521
0.19,2.07236
0.2,2.02951
0.21,1.98858
0.22,1.94765
0.23,1.90881
0.24,1.86997
0.25,1.83336
0.26,1.79676
0.27,1.76254
0.28,1.72831
0.29,1.6966
0.3,1.66489
0.31,1.63582
0.32,1.60675
0.33,1.58043
0.34,1.55411
0.35,1.53064
0.36,1.50717
0.37,1.48665
0.38,1.46612
0.39,1.44862
0.4,1.43112
0.41,1.4167
0.42,1.40229
0.43,1.39102
0.44,1.37975
0.45,1.37167
0.46,1.3636
0.47,1.35873
0.48,1.35387
0.49,1.35225
0.5,1.35063
0.51,1.35225
0.52,1.35387
0.53,1.35873
0.54,1.3636
0.55,1.37167
0.56,1.37975
0.57,1.39102
0.58,1.40229
0.59,1.4167
0.6,1.43112
0.61,1.44862
0.62,1.46612
0.63,1.48665
0.64,1.50717
0.65,1.53064
0.66,1.55411
0.67,1.58043
0.68,1.60675
0.69,1.63582
0.7,1.66489
0.71,1.6966
0.72,1.72831
0.73,1.76254
0.74,1.79676
0.75,1.83336
0.76,1.86997
0.77,1.90881
0.78,1.94765
0.79,1.98858
0.8,2.02951
0.81,2.07236
0.82,2.11521
0.83,2.15982
0.84,2.20443
0.85,2.25062
0.86,2.29681
0.87,2.3444
0.88,2.39199
0.89,2.44078
0.9,2.48958
0.91,2.53939
0.92,2.5892
0.93,2.63983
0.94,2.69046
0.95,2.74171
0.96,2.79295
0.97,2.84461
0.98,2.89627
0.99,2.94814
1,3
0,3
0.01,2.95065
0.02,2.9013
0.03,2.85215
0.04,2.803
0.05,2.75424
0.06,2.70548
0.07,2.6573
0.08,2.60913
0.09,2.56173
0.1,2.51433
0.11,2.46789
0.12,2.42145
0.13,2.37616
0.14,2.33087
0.15,2.28691
0.16,2.24295
0.17,2.20049
0.18,2.15803
0.19,2.11723
0.2,2.07644
0.21,2.03748
0.22,1.99851
0.23,1.96153
0.24,1.92455
0.25,1.88969
0.26,1.85484
0.27,1.82224
0.28,1.78965
0.29,1.75945
0.3,1.72925
0.31,1.70156
0.32,1.67387
0.33,1.6488
0.34,1.62373
0.35,1.60137
0.36,1.57901
0.37,1.55946
0.38,1.5399
0.39,1.52323
0.4,1.50655
0.41,1.49282
0.42,1.47908
0.43,1.46835
0.44,1.45761
0.45,1.44991
0.46,1.44221
0.47,1.43758
0.48,1.43295
0.49,1.4314
0.5,1.42986
0.51,1.4314
0.52,1.43295
0.53,1.43758
0.54,1.44221
0.55,1.44991
0.56,1.45761
0.57,1.46835
0.58,1.47908
0.59,1.49282
0.6,1.50655
0.61,1.52323
0.62,1.5399
0.63,1.55946
0.64,1.57901
0.65,1.60137
0.66,1.62373
0.67,1.6488
0.68,1.67387
0.69,1.70156
0.7,1.72925
0.71,1.75945
0.72,1.78965
0.73,1.82224
0.74,1.85484
0.75,1.88969
0.76,1.92455
0.77,1.96153
0.78,1.99851
0.79,2.03748
0.8,2.07644
0.81,2.11723
0.82,2.15803
0.83,2.20049
0.84,2.24295
0.85,2.28691
0.86,2.33087
0.87,2.37616
0.88,2.42145
0.89,2.46789
0.9,2.51433
0.91,2.56173
0.92,2.60913
0.93,2.6573
0.94,2.70548
0.95,2.75424
0.96,2.803
0.97,2.85215
0.98,2.9013
0.99,2.95065
1,3
0,3
0.01,2.95304
0.02,2.90608
0.03,2.85931
0.04,2.81254
0.05,2.76613
0.06,2.71973
0.07,2.67389
0.08,2.62804
0.09,2.58293
0.1,2.53782
0.11,2.49363
0.12,2.44943
0.13,2.40633
0.14,2.36323
0.15,2.32138
0.16,2.27954
0.17,2.23912
0.18,2.19871
0.19,2.15987
0.2,2.12104
0.21,2.08395
0.22,2.04686
0.23,2.01165
0.24,1.97644
0.25,1.94325
0.26,1.91007
0.27,1.87904
0.28,1.848
0.29,1.81925
0.3,1.79049
0.31,1.76412
0.32,1.73775
0.33,1.71388
0.34,1.69
0.35,1.6687
0.36,1.64741
0.37,1.62879
0.38,1.61016
0.39,1.59428
0.4,1.57839
0.41,1.56531
0.42,1.55223
0.43,1.542
0.44,1.53178
0.45,1.52444
0.46,1.51711
0.47,1.5127
0.48,1.50828
0.49,1.50681
0.5,1.50534
0.51,1.50681
0.52,1.50828
0.53,1.5127
0.54,1.51711
0.55,1.52444
0.56,1.53178
0.57,1.542
0.58,1.55223
0.59,1.56531
0.6,1.57839
0.61,1.59428
0.62,1.61016
0.63,1.62879
0.64,1.64741
0.65,1.6687
0.66,1.69
0.67,1.71388
0.68,1.73775
0.69,1.76412
0.7,1.79049
0.71,1.81925
0.72,1.848
0.73,1.87904
0.74,1.91007
0.75,1.94325
0.76,1.97644
0.77,2.01165
0.78,2.04686
0.79,2.08395
0.8,2.12104
0.81,2.15987
0.82,2.19871
0.83,2.23912
0.84,2.27954
0.85,2.32138
0.86,2.36323
0.87,2.40633
0.88,2.44943
0.89,2.49363
0.9,2.53782
0.91,2.58293
0.92,2.62804
0.93,2.67389
0.94,2.71973
0.95,2.76613
0.96,2.81254
0.97,2.85931
0.98,2.90608
0.99,2.95304
1,3
0,3
0.01,2.95531
0.02,2.91062
0.03,2.86611
0.04,2.82159
0.05,2.77743
0.06,2.73327
0.07,2.68964
0.08,2.64601
0.09,2.60308
0.1,2.56015
0.11,2.51809
0.12,2.47602
0.13,2.435
0.14,2.39397
0.15,2.35415
0.16,2.31432
0.17,2.27585
0.18,2.23738
0.19,2.20042
0.2,2.16345
0.21,2.12814
0.22,2.09283
0.23,2.05931
0.24,2.0258
0.25,1.9942
0.26,1.96261
0.27,1.93307
0.28,1.90352
0.29,1.87614
0.3,1.84876
0.31,1.82366
0.32,1.79855
0.33,1.77582
0.34,1.75308
0.35,1.7328
0.36,1.71253
0.37,1.69479
0.38,1.67706
0.39,1.66193
0.4,1.64681
0.41,1.63435
0.42,1.62189
0.43,1.61215
0.44,1.60241
0.45,1.59543
0.46,1.58844
0.47,1.58424
0.48,1.58004
0.49,1.57864
0.5,1.57723
0.51,1.57864
0.52,1.58004
0.53,1.58424
0.54,1.58844
0.55,1.59543
0.56,1.60241
0.57,1.61215
0.58,1.62189
0.59,1.63435
0.6,1.64681
0.61,1.66193
0.62,1.67706
0.63,1.69479
0.64,1.71253
0.65,1.7328
0.66,1.75308
0.67,1.77582
0.68,1.79855
0.69,1.82366
0.7,1.84876
0.71,1.87614
0.72,1.90352
0.73,1.93307
0.74,1.96261
0.75,1.9942
0.76,2.0258
0.77,2.05931
0.78,2.09283
0.79,2.12814
0.8,2.16345
0.81,2.20042
0.82,2.23738
0.83,2.27585
0.84,2.31432
0.85,2.35415
0.86,2.39397
0.87,2.435
0.88,2.47602
0.89,2.51809
0.9,2.56015
0.91,2.60308
0.92,2.64601
0.93,2.68964
0.94,2.73327
0.95,2.77743
0.96,2.82159
0.97,2.86611
0.98,2.91062
0.99,2.95531
1,3
0,3
0.01,2.95747
0.02,2.91493
0.03,2.87257
0.04,2.83021
0.05,2.78818
0.06,2.74615
0.07,2.70462
0.08,2.66309
0.09,2.62223
0.1,2.58137
0.11,2.54134
0.12,2.50131
0.13,2.46226
0.14,2.42321
0.15,2.3853
0.16,2.34739
0.17,2.31078
0.18,2.27416
0.19,2.23897
0.2,2.20379
0.21,2.17018
0.22,2.13657
0.23,2.10466
0.24,2.07275
0.25,2.04268
0.26,2.0126
0.27,1.98448
0.28,1.95635
0.29,1.93029
0.3,1.90422
0.31,1.88032
0.32,1.85642
0.33,1.83477
0.34,1.81313
0.35,1.79382
0.36,1.77452
0.37,1.75763
0.38,1.74075
0.39,1.72634
0.4,1.71194
0.41,1.70008
0.42,1.68822
0.43,1.67894
0.44,1.66967
0.45,1.66302
0.46,1.65637
0.47,1.65237
0.48,1.64837
0.49,1.64703
0.5,1.6457
0.51,1.64703
0.52,1.64837
0.53,1.65237
0.54,1.65637
0.55,1.66302
0.56,1.66967
0.57,1.67894
0.58,1.68822
0.59,1.70008
0.6,1.71194
0.61,1.72634
0.62,1.74075
0.63,1.75763
0.64,1.77452
0.65,1.79382
0.66,1.81313
0.67,1.83477
0.68,1.85642
0.69,1.88032
0.7,1.90422
0.71,1.93029
0.72,1.95635
0.73,1.98448
0.74,2.0126
0.75,2.04268
0.76,2.07275
0.77,2.10466
0.78,2.13657
0.79,2.17018
0.8,2.20379
0.81,2.23897
0.82,2.27416
0.83,2.31078
0.84,2.34739
0.85,2.3853
0.86,2.42321
0.87,2.46226
0.88,2.50131
0.89,2.54134
0.9,2.58137
0.91,2.62223
0.92,2.66309
0.93,2.70462
0.94,2.74615
0.95,2.78818
0.96,2.83021
0.97,2.87257
0.98,2.91493
0.99,2.95747
1,3
0,3
0.01,2.95952
0.02,2.91904
0.03,2.87872
0.04,2.8384
0.05,2.79839
0.06,2.75839
0.07,2.71887
0.08,2.67934
0.09,2.64045
0.1,2.60156
0.11,2.56346
0.12,2.52535
0.13,2.48819
0.14,2.45102
0.15,2.41494
0.16,2.37886
0.17,2.344
0.18,2.30915
0.19,2.27566
0.2,2.24217
0.21,2.21017
0.22,2.17818
0.23,2.14781
0.24,2.11744
0.25,2.08881
0.26,2.06018
0.27,2.0334
0.28,2.00663
0.29,1.98182
0.3,1.957
0.31,1.93425
0.32,1.91149
0.33,1.89089
0.34,1.87028
0.35,1.8519
0.36,1.83353
0.37,1.81745
0.38,1.80137
0.39,1.78766
0.4,1.77395
0.41,1.76266
0.42,1.75137
0.43,1.74254
0.44,1.73371
0.45,1.72738
0.46,1.72104
0.47,1.71724
0.48,1.71343
0.49,1.71215
0.5,1.71088
0.51,1.71215
0.52,1.71343
0.53,1.71724
0.54,1.72104
0.55,1.72738
0.56,1.73371
0.57,1.74254
0.58,1.75137
0.59,1.76266
0.6,1.77395
0.61,1.78766
0.62,1.80137
0.63,1.81745
0.64,1.83353
0.65,1.8519
0.66,1.87028
0.67,1.89089
0.68,1.91149
0.69,1.93425
0.7,1.957
0.71,1.98182
0.72,2.00663
0.73,2.0334
0.74,2.06018
0.75,2.08881
0.76,2.11744
0.77,2.14781
0.78,2.17818
0.79,2.21017
0.8,2.24217
0.81,2.27566
0.82,2.30915
0.83,2.344
0.84,2.37886
0.85,2.41494
0.86,2.45102
0.87,2.48819
0.88,2.52535
0.89,2.56346
0.9,2.60156
0.91,2.64045
0.92,2.67934
0.93,2.71887
0.94,2.75839
0.95,2.79839
0.96,2.8384
0.97,2.87872
0.98,2.91904
0.99,2.95952
1,3
0,3
0.01,2.96147
0.02,2.92294
0.03,2.88456
0.04,2.84619
0.05,2.80811
0.06,2.77004
0.07,2.73242
0.08,2.6948
0.09,2.65778
0.1,2.62077
0.11,2.5845
0.12,2.54823
0.13,2.51286
0.14,2.47748
0.15,2.44314
0.16,2.40879
0.17,2.37562
0.18,2.34244
0.19,2.31056
0.2,2.27868
0.21,2.24823
0.22,2.21777
0.23,2.18886
0.24,2.15995
0.25,2.1327
0.26,2.10545
0.27,2.07996
0.28,2.05448
0.29,2.03086
0.3,2.00724
0.31,1.98558
0.32,1.96392
0.33,1.9443
0.34,1.92468
0.35,1.90719
0.36,1.8897
0.37,1.87439
0.38,1.85909
0.39,1.84603
0.4,1.83298
0.41,1.82223
0.42,1.81148
0.43,1.80308
0.44,1.79467
0.45,1.78864
0.46,1.78262
0.47,1.77899
0.48,1.77536
0.49,1.77415
0.5,1.77294
0.51,1.77415
0.52,1.77536
0.53,1.77899
0.54,1.78262
0.55,1.78864
0.56,1.79467
0.57,1.80308
0.58,1.81148
0.59,1.82223
0.6,1.83298
0.61,1.84603
0.62,1.85909
0.63,1.87439
0.64,1.8897
0.65,1.90719
0.66,1.92468
0.67,1.9443
0.68,1.96392
0.69,1.98558
0.7,2.00724
0.71,2.03086
0.72,2.05448
0.73,2.07996
0.74,2.10545
0.75,2.1327
0.76,2.15995
0.77,2.18886
0.78,2.21777
0.79,2.24823
0.8,2.27868
0.81,2.31056
0.82,2.34244
0.83,2.37562
0.84,2.40879
0.85,2.44314
0.86,2.47748
0.87,2.51286
0.88,2.54823
0.89,2.5845
0.9,2.62077
0.91,2.65778
0.92,2.6948
0.93,2.73242
0.94,2.77004
0.95,2.80811
0.96,2.84619
0.97,2.88456
0.98,2.92294
0.99,2.96147
1,3
0,3
0.01,2.96333
0.02,2.92665
0.03,2.89013
0.04,2.8536
0.05,2.81736
0.06,2.78112
0.07,2.74531
0.08,2.70951
0.09,2.67427
0.1,2.63904
0.11,2.60452
0.12,2.57
0.13,2.53633
0.14,2.50266
0.15,2.46997
0.16,2.43728
0.17,2.4057
0.18,2.37412
0.19,2.34378
0.2,2.31343
0.21,2.28445
0.22,2.25546
0.23,2.22794
0.24,2.20042
0.25,2.17448
0.26,2.14854
0.27,2.12428
0.28,2.10002
0.29,2.07754
0.3,2.05505
0.31,2.03443
0.32,2.01381
0.33,1.99514
0.34,1.97647
0.35,1.95981
0.36,1.94316
0.37,1.92859
0.38,1.91403
0.39,1.9016
0.4,1.88917
0.41,1.87894
0.42,1.86871
0.43,1.86071
0.44,1.8527
0.45,1.84697
0.46,1.84123
0.47,1.83778
0.48,1.83432
0.49,1.83317
0.5,1.83202
0.51,1.83317
0.52,1.83432
0.53,1.83778
0.54,1.84123
0.55,1.84697
0.56,1.8527
0.57,1.86071
0.58,1.86871
0.59,1.87894
0.6,1.88917
0.61,1.9016
0.62,1.91403
0.63,1.92859
0.64,1.94316
0.65,1.95981
0.66,1.97647
0.67,1.99514
0.68,2.01381
0.69,2.03443
0.7,2.05505
0.71,2.07754
0.72,2.10002
0.73,2.12428
0.74,2.14854
0.75,2.17448
0.76,2.20042
0.77,2.22794
0.78,2.25546
0.79,2.28445
0.8,2.31343
0.81,2.34378
0.82,2.37412
0.83,2.4057
0.84,2.43728
0.85,2.46997
0.86,2.50266
0.87,2.53633
0.88,2.57
0.89,2.60452
0.9,2.63904
0.91,2.67427
0.92,2.70951
0.93,2.74531
0.94,2.78112
0.95,2.81736
0.96,2.8536
0.97,2.89013
0.98,2.92665
0.99,2.96333
1,3
0,3
0.01,2.96509
0.02,2.93019
0.03,2.89542
0.04,2.86065
0.05,2.82616
0.06,2.79167
0.07,2.75759
0.08,2.7235
0.09,2.68997
0.1,2.65643
0.11,2.62357
0.12,2.59072
0.13,2.55867
0.14,2.52662
0.15,2.4955
0.16,2.46439
0.17,2.43433
0.18,2.40427
0.19,2.37539
0.2,2.34651
0.21,2.31891
0.22,2.29132
0.23,2.26513
0.24,2.23893
0.25,2.21424
0.26,2.18955
0.27,2.16646
0.28,2.14337
0.29,2.12196
0.3,2.10056
0.31,2.08093
0.32,2.06131
0.33,2.04353
0.34,2.02576
0.35,2.00991
0.36,1.99405
0.37,1.98019
0.38,1.96632
0.39,1.95449
0.4,1.94266
0.41,1.93292
0.42,1.92318
0.43,1.91557
0.44,1.90795
0.45,1.90249
0.46,1.89702
0.47,1.89374
0.48,1.89045
0.49,1.88936
0.5,1.88826
0.51,1.88936
0.52,1.89045
0.53,1.89374
0.54,1.89702
0.55,1.90249
0.56,1.90795
0.57,1.91557
0.58,1.92318
0.59,1.93292
0.6,1.94266
0.61,1.95449
0.62,1.96632
0.63,1.98019
0.64,1.99405
0.65,2.00991
0.66,2.02576
0.67,2.04353
0.68,2.06131
0.69,2.08093
0.7,2.10056
0.71,2.12196
0.72,2.14337
0.73,2.16646
0.74,2.18955
0.75,2.21424
0.76,2.23893
0.77,2.26513
0.78,2.29132
0.79,2.31891
0.8,2.34651
0.81,2.37539
0.82,2.40427
0.83,2.43433
0.84,2.46439
0.85,2.4955
0.86,2.52662
0.87,2.55867
0.88,2.59072
0.89,2.62357
0.9,2.65643
0.91,2.68997
0.92,2.7235
0.93,2.75759
0.94,2.79167
0.95,2.82616
0.96,2.86065
0.97,2.89542
0.98,2.93019
0.99,2.96509
1,3
0,3
0.01,2.96678
0.02,2.93355
0.03,2.90046
0.04,2.86737
0.05,2.83453
0.06,2.8017
0.07,2.76926
0.08,2.73682
0.09,2.7049
0.1,2.67298
0.11,2.64171
0.12,2.61043
0.13,2.57993
0.14,2.54942
0.15,2.5198
0.16,2.49019
0.17,2.46158
0.18,2.43297
0.19,2.40547
0.2,2.37798
0.21,2.35172
0.22,2.32545
0.23,2.30052
0.24,2.27559
0.25,2.25209
0.26,2.22858
0.27,2.2066
0.28,2.18462
0.29,2.16425
0.3,2.14388
0.31,2.1252
0.32,2.10651
0.33,2.08959
0.34,2.07268
0.35,2.05759
0.36,2.0425
0.37,2.0293
0.38,2.0161
0.39,2.00484
0.4,1.99358
0.41,1.98431
0.42,1.97503
0.43,1.96778
0.44,1.96053
0.45,1.95534
0.46,1.95014
0.47,1.94701
0.48,1.94388
0.49,1.94284
0.5,1.94179
0.51,1.94284
0.52,1.94388
0.53,1.94701
0.54,1.95014
0.55,1.95534
0.56,1.96053
0.57,1.96778
0.58,1.97503
0.59,1.98431
0.6,1.99358
0.61,2.00484
0.62,2.0161
0.63,2.0293
0.64,2.0425
0.65,2.05759
0.66,2.07268
0.67,2.08959
0.68,2.10651
0.69,2.1252
0.7,2.14388
0.71,2.16425
0.72,2.18462
0.73,2.2066
0.74,2.22858
0.75,2.25209
0.76,2.27559
0.77,2.30052
0.78,2.32545
0.79,2.35172
0.8,2.37798
0.81,2.40547
0.82,2.43297
0.83,2.46158
0.84,2.49019
0.85,2.5198
0.86,2.54942
0.87,2.57993
0.88,2.61043
0.89,2.64171
0.9,2.67298
0.91,2.7049
0.92,2.73682
0.93,2.76926
0.94,2.8017
0.95,2.83453
0.96,2.86737
0.97,2.90046
0.98,2.93355
0.99,2.96678
1,3
0,3
0.01,2.96838
0.02,2.93675
0.03,2.90525
0.04,2.87375
0.05,2.8425
0.06,2.81125
0.07,2.78038
0.08,2.7495
0.09,2.71912
0.1,2.68873
0.11,2.65897
0.12,2.6292
0.13,2.60016
0.14,2.57112
0.15,2.54293
0.16,2.51474
0.17,2.48751
0.18,2.46028
0.19,2.43411
0.2,2.40794
0.21,2.38294
0.22,2.35794
0.23,2.33421
0.24,2.31048
0.25,2.28811
0.26,2.26574
0.27,2.24481
0.28,2.22389
0.29,2.2045
0.3,2.18511
0.31,2.16733
0.32,2.14954
0.33,2.13344
0.34,2.11733
0.35,2.10297
0.36,2.08861
0.37,2.07604
0.38,2.06348
0.39,2.05276
0.4,2.04205
0.41,2.03322
0.42,2.02439
0.43,2.01749
0.44,2.01059
0.45,2.00564
0.46,2.00069
0.47,1.99771
0.48,1.99474
0.49,1.99374
0.5,1.99275
0.51,1.99374
0.52,1.99474
0.53,1.99771
0.54,2.00069
0.55,2.00564
0.56,2.01059
0.57,2.01749
0.58,2.02439
0.59,2.03322
0.6,2.04205
0.61,2.05276
0.62,2.06348
0.63,2.07604
0.64,2.08861
0.65,2.10297
0.66,2.11733
0.67,2.13344
0.68,2.14954
0.69,2.16733
0.7,2.18511
0.71,2.2045
0.72,2.22389
0.73,2.24481
0.74,2.26574
0.75,2.28811
0.76,2.31048
0.77,2.33421
0.78,2.35794
0.79,2.38294
0.8,2.40794
0.81,2.43411
0.82,2.46028
0.83,2.48751
0.84,2.51474
0.85,2.54293
0.86,2.57112
0.87,2.60016
0.88,2.6292
0.89,2.65897
0.9,2.68873
0.91,2.71912
0.92,2.7495
0.93,2.78038
0.94,2.81125
0.95,2.8425
0.96,2.87375
0.97,2.90525
0.98,2.93675
0.99,2.96838
1,3
0,3
0.01,2.9699
0.02,2.9398
0.03,2.90982
0.04,2.87983
0.05,2.85009
0.06,2.82035
0.07,2.79096
0.08,2.76157
0.09,2.73265
0.1,2.70373
0.11,2.67539
0.12,2.64706
0.13,2.61942
0.14,2.59178
0.15,2.56495
0.16,2.53811
0.17,2.51219
0.18,2.48627
0.19,2.46136
0.2,2.43646
0.21,2.41266
0.22,2.38887
0.23,2.36628
0.24,2.34369
0.25,2.32239
0.26,2.3011
0.27,2.28118
0.28,2.26127
0.29,2.24281
0.3,2.22435
0.31,2.20743
0.32,2.1905
0.33,2.17517
0.34,2.15984
0.35,2.14617
0.36,2.1325
0.37,2.12054
0.38,2.10858
0.39,2.09838
0.4,2.08818
0.41,2.07978
0.42,2.07137
0.43,2.0648
0.44,2.05824
0.45,2.05352
0.46,2.04881
0.47,2.04598
0.48,2.04315
0.49,2.0422
0.5,2.04125
0.51,2.0422
0.52,2.04315
0.53,2.04598
0.54,2.04881
0.55,2.05352
0.56,2.05824
0.57,2.0648
0.58,2.07137
0.59,2.07978
0.6,2.08818
0.61,2.09838
0.62,2.10858
0.63,2.12054
0.64,2.1325
0.65,2.14617
0.66,2.15984
0.67,2.17517
0.68,2.1905
0.69,2.20743
0.7,2.22435
0.71,2.24281
0.72,2.26127
0.73,2.28118
0.74,2.3011
0.75,2.32239
0.76,2.34369
0.77,2.36628
0.78,2.38887
0.79,2.41266
0.8,2.43646
0.81,2.46136
0.82,2.48627
0.83,2.51219
0.84,2.53811
0.85,2.56495
0.86,2.59178
0.87,2.61942
0.88,2.64706
0.89,2.67539
0.9,2.70373
0.91,2.73265
0.92,2.76157
0.93,2.79096
0.94,2.82035
0.95,2.85009
0.96,2.87983
0.97,2.90982
0.98,2.9398
0.99,2.9699
1,3
0,3
0.01,2.97135
0.02,2.9427
0.03,2.91416
0.04,2.88562
0.05,2.85731
0.06,2.829
0.07,2.80102
0.08,2.77305
0.09,2.74552
0.1,2.71799
0.11,2.69102
0.12,2.66405
0.13,2.63775
0.14,2.61144
0.15,2.5859
0.16,2.56036
0.17,2.53569
0.18,2.51101
0.19,2.4873
0.2,2.4636
0.21,2.44095
0.22,2.4183
0.23,2.3968
0.24,2.37529
0.25,2.35503
0.26,2.33476
0.27,2.3158
0.28,2.29684
0.29,2.27928
0.3,2.26171
0.31,2.2456
0.32,2.22948
0.33,2.21489
0.34,2.2003
0.35,2.18729
0.36,2.17427
0.37,2.16289
0.38,2.15151
0.39,2.1418
0.4,2.13209
0.41,2.12409
0.42,2.11609
0.43,2.10984
0.44,2.10359
0.45,2.0991
0.46,2.09462
0.47,2.09192
0.48,2.08922
0.49,2.08832
0.5,2.08742
0.51,2.08832
0.52,2.08922
0.53,2.09192
0.54,2.09462
0.55,2.0991
0.56,2.10359
0.57,2.10984
0.58,2.11609
0.59,2.12409
0.6,2.13209
0.61,2.1418
0.62,2.15151
0.63,2.16289
0.64,2.17427
0.65,2.18729
0.66,2.2003
0.67,2.21489
0.68,2.22948
0.69,2.2456
0.7,2.26171
0.71,2.27928
0.72,2.29684
0.73,2.3158
0.74,2.33476
0.75,2.35503
0.76,2.37529
0.77,2.3968
0.78,2.4183
0.79,2.44095
0.8,2.4636
0.81,2.4873
0.82,2.51101
0.83,2.53569
0.84,2.56036
0.85,2.5859
0.86,2.61144
0.87,2.63775
0.88,2.66405
0.89,2.69102
0.9,2.71799
0.91,2.74552
0.92,2.77305
0.93,2.80102
0.94,2.829
0.95,2.85731
0.96,2.88562
0.97,2.91416
0.98,2.9427
0.99,2.97135
1,3
0,3
0.01,2.97273
0.02,2.94546
0.03,2.91829
0.04,2.89113
0.05,2.86418
0.06,2.83723
0.07,2.81061
0.08,2.78398
0.09,2.75778
0.1,2.73158
0.11,2.70591
0.12,2.68023
0.13,2.65519
0.14,2.63015
0.15,2.60584
0.16,2.58153
0.17,2.55805
0.18,2.53456
0.19,2.512
0.2,2.48943
0.21,2.46787
0.22,2.44631
0.23,2.42585
0.24,2.40538
0.25,2.38609
0.26,2.36679
0.27,2.34875
0.28,2.33071
0.29,2.31398
0.3,2.29726
0.31,2.28193
0.32,2.26659
0.33,2.2527
0.34,2.23881
0.35,2.22643
0.36,2.21404
0.37,2.2032
0.38,2.19237
0.39,2.18313
0.4,2.17388
0.41,2.16627
0.42,2.15866
0.43,2.15271
0.44,2.14676
0.45,2.14249
0.46,2.13822
0.47,2.13565
0.48,2.13308
0.49,2.13223
0.5,2.13137
0.51,2.13223
0.52,2.13308
0.53,2.13565
0.54,2.13822
0.55,2.14249
0.56,2.14676
0.57,2.15271
0.58,2.15866
0.59,2.16627
0.6,2.17388
0.61,2.18313
0.62,2.19237
0.63,2.2032
0.64,2.21404
0.65,2.22643
0.66,2.23881
0.67,2.2527
0.68,2.26659
0.69,2.28193
0.7,2.29726
0.71,2.31398
0.72,2.33071
0.73,2.34875
0.74,2.36679
0.75,2.38609
0.76,2.40538
0.77,2.42585
0.78,2.44631
0.79,2.46787
0.8,2.48943
0.81,2.512
0.82,2.53456
0.83,2.55805
0.84,2.58153
0.85,2.60584
0.86,2.63015
0.87,2.65519
0.88,2.68023
0.89,2.70591
0.9,2.73158
0.91,2.75778
0.92,2.78398
0.93,2.81061
0.94,2.83723
0.95,2.86418
0.96,2.89113
0.97,2.91829
0.98,2.94546
0.99,2.97273
1,3
0,3
0.01,2.97404
0.02,2.94808
0.03,2.92223
0.04,2.89637
0.05,2.87072
0.06,2.84507
0.07,2.81973
0.08,2.79438
0.09,2.76944
0.1,2.7445
0.11,2.72007
0.12,2.69563
0.13,2.6718
0.14,2.64796
0.15,2.62482
0.16,2.60168
0.17,2.57933
0.18,2.55698
0.19,2.5355
0.2,2.51402
0.21,2.4935
0.22,2.47298
0.23,2.4535
0.24,2.43402
0.25,2.41565
0.26,2.39729
0.27,2.38011
0.28,2.36294
0.29,2.34702
0.3,2.3311
0.31,2.31651
0.32,2.30191
0.33,2.28869
0.34,2.27547
0.35,2.26368
0.36,2.25189
0.37,2.24158
0.38,2.23126
0.39,2.22246
0.4,2.21367
0.41,2.20642
0.42,2.19918
0.43,2.19351
0.44,2.18785
0.45,2.18378
0.46,2.17972
0.47,2.17728
0.48,2.17483
0.49,2.17402
0.5,2.1732
0.51,2.17402
0.52,2.17483
0.53,2.17728
0.54,2.17972
0.55,2.18378
0.56,2.18785
0.57,2.19351
0.58,2.19918
0.59,2.20642
0.6,2.21367
0.61,2.22246
0.62,2.23126
0.63,2.24158
0.64,2.25189
0.65,2.26368
0.66,2.27547
0.67,2.28869
0.68,2.30191
0.69,2.31651
0.7,2.3311
0.71,2.34702
0.72,2.36294
0.73,2.38011
0.74,2.39729
0.75,2.41565
0.76,2.43402
0.77,2.4535
0.78,2.47298
0.79,2.4935
0.8,2.51402
0.81,2.5355
0.82,2.55698
0.83,2.57933
0.84,2.60168
0.85,2.62482
0.86,2.64796
0.87,2.6718
0.88,2.69563
0.89,2.72007
0.9,2.7445
0.91,2.76944
0.92,2.79438
0.93,2.81973
0.94,2.84507
0.95,2.87072
0.96,2.89637
0.97,2.92223
0.98,2.94808
0.99,2.97404
1,3
0,3
0.01,2.97529
0.02,2.95058
0.03,2.92597
0.04,2.90136
0.05,2.87695
0.06,2.85253
0.07,2.82841
0.08,2.80428
0.09,2.78055
0.1,2.75681
0.11,2.73355
0.12,2.71029
0.13,2.6876
0.14,2.66492
0.15,2.64289
0.16,2.62087
0.17,2.59959
0.18,2.57831
0.19,2.55787
0.2,2.53742
0.21,2.51789
0.22,2.49836
0.23,2.47982
0.24,2.46127
0.25,2.44379
0.26,2.42631
0.27,2.40997
0.28,2.39362
0.29,2.37847
0.3,2.36332
0.31,2.34942
0.32,2.33553
0.33,2.32295
0.34,2.31036
0.35,2.29914
0.36,2.28792
0.37,2.2781
0.38,2.26828
0.39,2.25991
0.4,2.25154
0.41,2.24464
0.42,2.23774
0.43,2.23235
0.44,2.22696
0.45,2.22309
0.46,2.21922
0.47,2.2169
0.48,2.21457
0.49,2.21379
0.5,2.21302
0.51,2.21379
0.52,2.21457
0.53,2.2169
0.54,2.21922
0.55,2.22309
0.56,2.22696
0.57,2.23235
0.58,2.23774
0.59,2.24464
0.6,2.25154
0.61,2.25991
0.62,2.26828
0.63,2.2781
0.64,2.28792
0.65,2.29914
0.66,2.31036
0.67,2.32295
0.68,2.33553
0.69,2.34942
0.7,2.36332
0.71,2.37847
0.72,2.39362
0.73,2.40997
0.74,2.42631
0.75,2.44379
0.76,2.46127
0.77,2.47982
0.78,2.49836
0.79,2.51789
0.8,2.53742
0.81,2.55787
0.82,2.57831
0.83,2.59959
0.84,2.62087
0.85,2.64289
0.86,2.66492
0.87,2.6876
0.88,2.71029
0.89,2.73355
0.9,2.75681
0.91,2.78055
0.92,2.80428
0.93,2.82841
0.94,2.85253
0.95,2.87695
0.96,2.90136
0.97,2.92597
0.98,2.95058
0.99,2.97529
1,3
0,3
0.01,2.97648
0.02,2.95296
0.03,2.92954
0.04,2.90611
0.05,2.88288
0.06,2.85964
0.07,2.83667
0.08,2.81371
0.09,2.79112
0.1,2.76852
0.11,2.74638
0.12,2.72424
0.13,2.70265
0.14,2.68106
0.15,2.66009
0.16,2.63913
0.17,2.61887
0.18,2.59862
0.19,2.57916
0.2,2.5597
0.21,2.54111
0.22,2.52252
0.23,2.50487
0.24,2.48722
0.25,2.47058
0.26,2.45394
0.27,2.43838
0.28,2.42282
0.29,2.4084
0.3,2.39398
0.31,2.38075
0.32,2.36753
0.33,2.35555
0.34,2.34357
0.35,2.33289
0.36,2.32221
0.37,2.31286
0.38,2.30352
0.39,2.29555
0.4,2.28758
0.41,2.28102
0.42,2.27445
0.43,2.26932
0.44,2.26419
0.45,2.2605
0.46,2.25682
0.47,2.25461
0.48,2.2524
0.49,2.25166
0.5,2.25092
0.51,2.25166
0.52,2.2524
0.53,2.25461
0.54,2.25682
0.55,2.2605
0.56,2.26419
0.57,2.26932
0.58,2.27445
0.59,2.28102
0.6,2.28758
0.61,2.29555
0.62,2.30352
0.63,2.31286
0.64,2.32221
0.65,2.33289
0.66,2.34357
0.67,2.35555
0.68,2.36753
0.69,2.38075
0.7,2.39398
0.71,2.4084
0.72,2.42282
0.73,2.43838
0.74,2.45394
0.75,2.47058
0.76,2.48722
0.77,2.50487
0.78,2.52252
0.79,2.54111
0.8,2.5597
0.81,2.57916
0.82,2.59862
0.83,2.61887
0.84,2.63913
0.85,2.66009
0.86,2.68106
0.87,2.70265
0.88,2.72424
0.89,2.74638
0.9,2.76852
0.91,2.79112
0.92,2.81371
0.93,2.83667
0.94,2.85964
0.95,2.88288
0.96,2.90611
0.97,2.92954
0.98,2.95296
0.99,2.97648
1,3
0,3
0.01,2.97761
0.02,2.95523
0.03,2.93293
0.04,2.91064
0.05,2.88852
0.06,2.8664
0.07,2.84454
0.08,2.82268
0.09,2.80117
0.1,2.77967
0.11,2.7586
0.12,2.73752
0.13,2.71697
0.14,2.69642
0.15,2.67646
0.16,2.6565
0.17,2.63723
0.18,2.61795
0.19,2.59943
0.2,2.5809
0.21,2.56321
0.22,2.54551
0.23,2.52871
0.24,2.51191
0.25,2.49607
0.26,2.48024
0.27,2.46543
0.28,2.45062
0.29,2.43689
0.3,2.42316
0.31,2.41057
0.32,2.39799
0.33,2.38659
0.34,2.37519
0.35,2.36502
0.36,2.35485
0.37,2.34596
0.38,2.33706
0.39,2.32947
0.4,2.32189
0.41,2.31564
0.42,2.30939
0.43,2.30451
0.44,2.29962
0.45,2.29612
0.46,2.29261
0.47,2.29051
0.48,2.2884
0.49,2.28769
0.5,2.28699
0.51,2.28769
0.52,2.2884
0.53,2.29051
0.54,2.29261
0.55,2.29612
0.56,2.29962
0.57,2.30451
0.58,2.30939
0.59,2.31564
0.6,2.32189
0.61,2.32947
0.62,2.33706
0.63,2.34596
0.64,2.35485
0.65,2.36502
0.66,2.37519
0.67,2.38659
0.68,2.39799
0.69,2.41057
0.7,2.42316
0.71,2.43689
0.72,2.45062
0.73,2.46543
0.74,2.48024
0.75,2.49607
0.76,2.51191
0.77,2.52871
0.78,2.54551
0.79,2.56321
0.8,2.5809
0.81,2.59943
0.82,2.61795
0.83,2.63723
0.84,2.6565
0.85,2.67646
0.86,2.69642
0.87,2.71697
0.88,2.73752
0.89,2.7586
0.9,2.77967
0.91,2.80117
0.92,2.82268
0.93,2.84454
0.94,2.8664
0.95,2.88852
0.96,2.91064
0.97,2.93293
0.98,2.95523
0.99,2.97761
1,3
0,3
0.01,2.97869
0.02,2.95739
0.03,2.93616
0.04,2.91494
0.05,2.89388
0.06,2.87283
0.07,2.85203
0.08,2.83122
0.09,2.81075
0.1,2.79028
0.11,2.77022
0.12,2.75016
0.13,2.7306
0.14,2.71104
0.15,2.69204
0.16,2.67305
0.17,2.6547
0.18,2.63635
0.19,2.61872
0.2,2.60109
0.21,2.58424
0.22,2.5674
0.23,2.55141
0.24,2.53542
0.25,2.52034
0.26,2.50527
0.27,2.49117
0.28,2.47707
0.29,2.46401
0.3,2.45094
0.31,2.43896
0.32,2.42698
0.33,2.41613
0.34,2.40528
0.35,2.3956
0.36,2.38592
0.37,2.37745
0.38,2.36899
0.39,2.36177
0.4,2.35454
0.41,2.3486
0.42,2.34265
0.43,2.338
0.44,2.33335
0.45,2.33001
0.46,2.32668
0.47,2.32467
0.48,2.32267
0.49,2.322
0.5,2.32133
0.51,2.322
0.52,2.32267
0.53,2.32467
0.54,2.32668
0.55,2.33001
0.56,2.33335
0.57,2.338
0.58,2.34265
0.59,2.3486
0.6,2.35454
0.61,2.36177
0.62,2.36899
0.63,2.37745
0.64,2.38592
0.65,2.3956
0.66,2.40528
0.67,2.41613
0.68,2.42698
0.69,2.43896
0.7,2.45094
0.71,2.46401
0.72,2.47707
0.73,2.49117
0.74,2.50527
0.75,2.52034
0.76,2.53542
0.77,2.55141
0.78,2.5674
0.79,2.58424
0.8,2.60109
0.81,2.61872
0.82,2.63635
0.83,2.6547
0.84,2.67305
0.85,2.69204
0.86,2.71104
0.87,2.7306
0.88,2.75016
0.89,2.77022
0.9,2.79028
0.91,2.81075
0.92,2.83122
0.93,2.85203
0.94,2.87283
0.95,2.89388
0.96,2.91494
0.97,2.93616
0.98,2.95739
0.99,2.97869
1,3
0,3
0.01,2.97972
0.02,2.95944
0.03,2.93924
0.04,2.91904
0.05,2.89899
0.06,2.87895
0.07,2.85915
0.08,2.83935
0.09,2.81986
0.1,2.80038
0.11,2.78129
0.12,2.7622
0.13,2.74357
0.14,2.72495
0.15,2.70687
0.16,2.68879
0.17,2.67133
0.18,2.65386
0.19,2.63708
0.2,2.6203
0.21,2.60426
0.22,2.58823
0.23,2.57301
0.24,2.55779
0.25,2.54344
0.26,2.52909
0.27,2.51568
0.28,2.50226
0.29,2.48982
0.3,2.47738
0.31,2.46598
0.32,2.45457
0.33,2.44424
0.34,2.43392
0.35,2.4247
0.36,2.41549
0.37,2.40743
0.38,2.39938
0.39,2.3925
0.4,2.38563
0.41,2.37997
0.42,2.37431
0.43,2.36988
0.44,2.36545
0.45,2.36228
0.46,2.35911
0.47,2.3572
0.48,2.35529
0.49,2.35465
0.5,2.35401
0.51,2.35465
0.52,2.35529
0.53,2.3572
0.54,2.35911
0.55,2.36228
0.56,2.36545
0.57,2.36988
0.58,2.37431
0.59,2.37997
0.6,2.38563
0.61,2.3925
0.62,2.39938
0.63,2.40743
0.64,2.41549
0.65,2.4247
0.66,2.43392
0.67,2.44424
0.68,2.45457
0.69,2.46598
0.7,2.47738
0.71,2.48982
0.72,2.50226
0.73,2.51568
0.74,2.52909
0.75,2.54344
0.76,2.55779
0.77,2.57301
0.78,2.58823
0.79,2.60426
0.8,2.6203
0.81,2.63708
0.82,2.65386
0.83,2.67133
0.84,2.68879
0.85,2.70687
0.86,2.72495
0.87,2.74357
0.88,2.7622
0.89,2.78129
0.9,2.80038
0.91,2.81986
0.92,2.83935
0.93,2.85915
0.94,2.87895
0.95,2.89899
0.96,2.91904
0.97,2.93924
0.98,2.95944
0.99,2.97972
1,3
0,3
0.01,2.9807
0.02,2.96139
0.03,2.94216
0.04,2.92294
0.05,2.90386
0.06,2.88478
0.07,2.86593
0.08,2.84709
0.09,2.82854
0.1,2.80999
0.11,2.79182
0.12,2.77365
0.13,2.75592
0.14,2.7382
0.15,2.72099
0.16,2.70378
0.17,2.68716
0.18,2.67053
0.19,2.65456
0.2,2.63858
0.21,2.62332
0.22,2.60806
0.23,2.59357
0.24,2.57909
0.25,2.56543
0.26,2.55177
0.27,2.539
0.28,2.52623
0.29,2.51439
0.3,2.50255
0.31,2.4917
0.32,2.48084
0.33,2.47101
0.34,2.46118
0.35,2.45241
0.36,2.44364
0.37,2.43597
0.38,2.4283
0.39,2.42176
0.4,2.41522
0.41,2.40983
0.42,2.40444
0.43,2.40023
0.44,2.39601
0.45,2.39299
0.46,2.38997
0.47,2.38815
0.48,2.38633
0.49,2.38573
0.5,2.38512
0.51,2.38573
0.52,2.38633
0.53,2.38815
0.54,2.38997
0.55,2.39299
0.56,2.39601
0.57,2.40023
0.58,2.40444
0.59,2.40983
0.6,2.41522
0.61,2.42176
0.62,2.4283
0.63,2.43597
0.64,2.44364
0.65,2.45241
0.66,2.46118
0.67,2.47101
0.68,2.48084
0.69,2.4917
0.7,2.50255
0.71,2.51439
0.72,2.52623
0.73,2.539
0.74,2.55177
0.75,2.56543
0.76,2.57909
0.77,2.59357
0.78,2.60806
0.79,2.62332
0.8,2.63858
0.81,2.65456
0.82,2.67053
0.83,2.68716
0.84,2.70378
0.85,2.72099
0.86,2.7382
0.87,2.75592
0.88,2.77365
0.89,2.79182
0.9,2.80999
0.91,2.82854
0.92,2.84709
0.93,2.86593
0.94,2.88478
0.95,2.90386
0.96,2.92294
0.97,2.94216
0.98,2.96139
0.99,2.9807
1,3
0,3
0.01,2.98163
0.02,2.96325
0.03,2.94495
0.04,2.92665
0.05,2.90849
0.06,2.89033
0.07,2.87239
0.08,2.85445
0.09,2.8368
0.1,2.81914
0.11,2.80185
0.12,2.78455
0.13,2.76768
0.14,2.75081
0.15,2.73443
0.16,2.71805
0.17,2.70222
0.18,2.6864
0.19,2.67119
0.2,2.65599
0.21,2.64146
0.22,2.62694
0.23,2.61315
0.24,2.59936
0.25,2.58636
0.26,2.57336
0.27,2.5612
0.28,2.54904
0.29,2.53778
0.3,2.52651
0.31,2.51618
0.32,2.50584
0.33,2.49648
0.34,2.48713
0.35,2.47878
0.36,2.47043
0.37,2.46313
0.38,2.45583
0.39,2.4496
0.4,2.44338
0.41,2.43825
0.42,2.43312
0.43,2.42911
0.44,2.4251
0.45,2.42222
0.46,2.41935
0.47,2.41762
0.48,2.41589
0.49,2.41531
0.5,2.41473
0.51,2.41531
0.52,2.41589
0.53,2.41762
0.54,2.41935
0.55,2.42222
0.56,2.4251
0.57,2.42911
0.58,2.43312
0.59,2.43825
0.6,2.44338
0.61,2.4496
0.62,2.45583
0.63,2.46313
0.64,2.47043
0.65,2.47878
0.66,2.48713
0.67,2.49648
0.68,2.50584
0.69,2.51618
0.7,2.52651
0.71,2.53778
0.72,2.54904
0.73,2.5612
0.74,2.57336
0.75,2.58636
0.76,2.59936
0.77,2.61315
0.78,2.62694
0.79,2.64146
0.8,2.65599
0.81,2.67119
0.82,2.6864
0.83,2.70222
0.84,2.71805
0.85,2.73443
0.86,2.75081
0.87,2.76768
0.88,2.78455
0.89,2.80185
0.9,2.81914
0.91,2.8368
0.92,2.85445
0.93,2.87239
0.94,2.89033
0.95,2.90849
0.96,2.92665
0.97,2.94495
0.98,2.96325
0.99,2.98163
1,3
0,3
0.01,2.98251
0.02,2.96502
0.03,2.9476
0.04,2.93018
0.05,2.9129
0.06,2.89561
0.07,2.87854
0.08,2.86146
0.09,2.84466
0.1,2.82785
0.11,2.81139
0.12,2.79492
0.13,2.77886
0.14,2.76281
0.15,2.74721
0.16,2.73162
0.17,2.71656
0.18,2.7015
0.19,2.68703
0.2,2.67256
0.21,2.65873
0.22,2.6449
0.23,2.63178
0.24,2.61865
0.25,2.60628
0.26,2.5939
0.27,2.58233
0.28,2.57076
0.29,2.56004
0.3,2.54931
0.31,2.53948
0.32,2.52964
0.33,2.52073
0.34,2.51182
0.35,2.50388
0.36,2.49594
0.37,2.48899
0.38,2.48204
0.39,2.47611
0.4,2.47018
0.41,2.4653
0.42,2.46042
0.43,2.4566
0.44,2.45278
0.45,2.45005
0.46,2.44731
0.47,2.44566
0.48,2.44402
0.49,2.44347
0.5,2.44292
0.51,2.44347
0.52,2.44402
0.53,2.44566
0.54,2.44731
0.55,2.45005
0.56,2.45278
0.57,2.4566
0.58,2.46042
0.59,2.4653
0.6,2.47018
0.61,2.47611
0.62,2.48204
0.63,2.48899
0.64,2.49594
0.65,2.50388
0.66,2.51182
0.67,2.52073
0.68,2.52964
0.69,2.53948
0.7,2.54931
0.71,2.56004
0.72,2.57076
0.73,2.58233
0.74,2.5939
0.75,2.60628
0.76,2.61865
0.77,2.63178
0.78,2.6449
0.79,2.65873
0.8,2.67256
0.81,2.68703
0.82,2.7015
0.83,2.71656
0.84,2.73162
0.85,2.74721
0.86,2.76281
0.87,2.77886
0.88,2.79492
0.89,2.81139
0.9,2.82785
0.91,2.84466
0.92,2.86146
0.93,2.87854
0.94,2.89561
0.95,2.9129
0.96,2.93018
0.97,2.9476
0.98,2.96502
0.99,2.98251
1,3
0,3
0.01,2.98335
0.02,2.96671
0.03,2.95012
0.04,2.93354
0.05,2.91709
0.06,2.90064
0.07,2.88439
0.08,2.86813
0.09,2.85214
0.1,2.83614
0.11,2.82047
0.12,2.8048
0.13,2.78951
0.14,2.77423
0.15,2.75939
0.16,2.74455
0.17,2.73021
0.18,2.71588
0.19,2.7021
0.2,2.68832
0.21,2.67516
0.22,2.662
0.23,2.64951
0.24,2.63702
0.25,2.62524
0.26,2.61346
0.27,2.60245
0.28,2.59143
0.29,2.58122
0.3,2.57101
0.31,2.56165
0.32,2.55229
0.33,2.54381
0.34,2.53533
0.35,2.52777
0.36,2.52021
0.37,2.5136
0.38,2.50698
0.39,2.50134
0.4,2.4957
0.41,2.49105
0.42,2.4864
0.43,2.48277
0.44,2.47914
0.45,2.47653
0.46,2.47393
0.47,2.47236
0.48,2.47079
0.49,2.47027
0.5,2.46975
0.51,2.47027
0.52,2.47079
0.53,2.47236
0.54,2.47393
0.55,2.47653
0.56,2.47914
0.57,2.48277
0.58,2.4864
0.59,2.49105
0.6,2.4957
0.61,2.50134
0.62,2.50698
0.63,2.5136
0.64,2.52021
0.65,2.52777
0.66,2.53533
0.67,2.54381
0.68,2.55229
0.69,2.56165
0.7,2.57101
0.71,2.58122
0.72,2.59143
0.73,2.60245
0.74,2.61346
0.75,2.62524
0.76,2.63702
0.77,2.64951
0.78,2.662
0.79,2.67516
0.8,2.68832
0.81,2.7021
0.82,2.71588
0.83,2.73021
0.84,2.74455
0.85,2.75939
0.86,2.77423
0.87,2.78951
0.88,2.8048
0.89,2.82047
0.9,2.83614
0.91,2.85214
0.92,2.86813
0.93,2.88439
0.94,2.90064
0.95,2.91709
0.96,2.93354
0.97,2.95012
0.98,2.96671
0.99,2.98335
1,3
0,3
0.01,2.98415
0.02,2.96831
0.03,2.95253
0.04,2.93674
0.05,2.92108
0.06,2.90543
0.07,2.88995
0.08,2.87448
0.09,2.85926
0.1,2.84403
0.11,2.82912
0.12,2.8142
0.13,2.79965
0.14,2.7851
0.15,2.77098
0.16,2.75685
0.17,2.7432
0.18,2.72956
0.19,2.71645
0.2,2.70333
0.21,2.69081
0.22,2.67828
0.23,2.66639
0.24,2.6545
0.25,2.64329
0.26,2.63208
0.27,2.62159
0.28,2.61111
0.29,2.60139
0.3,2.59167
0.31,2.58276
0.32,2.57385
0.33,2.56578
0.34,2.55771
0.35,2.55051
0.36,2.54332
0.37,2.53702
0.38,2.53072
0.39,2.52535
0.4,2.51998
0.41,2.51556
0.42,2.51114
0.43,2.50768
0.44,2.50422
0.45,2.50174
0.46,2.49926
0.47,2.49777
0.48,2.49628
0.49,2.49578
0.5,2.49528
0.51,2.49578
0.52,2.49628
0.53,2.49777
0.54,2.49926
0.55,2.50174
0.56,2.50422
0.57,2.50768
0.58,2.51114
0.59,2.51556
0.6,2.51998
0.61,2.52535
0.62,2.53072
0.63,2.53702
0.64,2.54332
0.65,2.55051
0.66,2.55771
0.67,2.56578
0.68,2.57385
0.69,2.58276
0.7,2.59167
0.71,2.60139
0.72,2.61111
0.73,2.62159
0.74,2.63208
0.75,2.64329
0.76,2.6545
0.77,2.66639
0.78,2.67828
0.79,2.69081
0.8,2.70333
0.81,2.71645
0.82,2.72956
0.83,2.7432
0.84,2.75685
0.85,2.77098
0.86,2.7851
0.87,2.79965
0.88,2.8142
0.89,2.82912
0.9,2.84403
0.91,2.85926
0.92,2.87448
0.93,2.88995
0.94,2.90543
0.95,2.92108
0.96,2.93674
0.97,2.95253
0.98,2.96831
0.99,2.98415
1,3
0,3
0.01,2.98492
0.02,2.96983
0.03,2.95481
0.04,2.93979
0.05,2.92488
0.06,2.90998
0.07,2.89525
0.08,2.88053
0.09,2.86604
0.1,2.85154
0.11,2.83735
0.12,2.82315
0.13,2.8093
0.14,2.79545
0.15,2.782
0.16,2.76856
0.17,2.75557
0.18,2.74258
0.19,2.7301
0.2,2.71762
0.21,2.7057
0.22,2.69377
0.23,2.68245
0.24,2.67114
0.25,2.66046
0.26,2.64979
0.27,2.63982
0.28,2.62984
0.29,2.62059
0.3,2.61134
0.31,2.60286
0.32,2.59437
0.33,2.58669
0.34,2.57901
0.35,2.57216
0.36,2.56531
0.37,2.55932
0.38,2.55332
0.39,2.54821
0.4,2.5431
0.41,2.53889
0.42,2.53468
0.43,2.53139
0.44,2.5281
0.45,2.52574
0.46,2.52338
0.47,2.52196
0.48,2.52054
0.49,2.52006
0.5,2.51959
0.51,2.52006
0.52,2.52054
0.53,2.52196
0.54,2.52338
0.55,2.52574
0.56,2.5281
0.57,2.53139
0.58,2.53468
0.59,2.53889
0.6,2.5431
0.61,2.54821
0.62,2.55332
0.63,2.55932
0.64,2.56531
0.65,2.57216
0.66,2.57901
0.67,2.58669
0.68,2.59437
0.69,2.60286
0.7,2.61134
0.71,2.62059
0.72,2.62984
0.73,2.63982
0.74,2.64979
0.75,2.66046
0.76,2.67114
0.77,2.68245
0.78,2.69377
0.79,2.7057
0.8,2.71762
0.81,2.7301
0.82,2.74258
0.83,2.75557
0.84,2.76856
0.85,2.782
0.86,2.79545
0.87,2.8093
0.88,2.82315
0.89,2.83735
0.9,2.85154
0.91,2.86604
0.92,2.88053
0.93,2.89525
0.94,2.90998
0.95,2.92488
0.96,2.93979
0.97,2.95481
0.98,2.96983
0.99,2.98492
1,3
0,3
0.01,2.98564
0.02,2.97129
0.03,2.95699
0.04,2.94269
0.05,2.9285
0.06,2.91431
0.07,2.9003
0.08,2.88628
0.09,2.87249
0.1,2.85869
0.11,2.84518
0.12,2.83167
0.13,2.81848
0.14,2.8053
0.15,2.7925
0.16,2.77971
0.17,2.76734
0.18,2.75498
0.19,2.7431
0.2,2.73122
0.21,2.71987
0.22,2.70852
0.23,2.69775
0.24,2.68697
0.25,2.67682
0.26,2.66666
0.27,2.65716
0.28,2.64766
0.29,2.63886
0.3,2.63006
0.31,2.62198
0.32,2.61391
0.33,2.6066
0.34,2.59929
0.35,2.59276
0.36,2.58624
0.37,2.58054
0.38,2.57483
0.39,2.56997
0.4,2.5651
0.41,2.5611
0.42,2.55709
0.43,2.55396
0.44,2.55082
0.45,2.54858
0.46,2.54633
0.47,2.54498
0.48,2.54363
0.49,2.54317
0.5,2.54272
0.51,2.54317
0.52,2.54363
0.53,2.54498
0.54,2.54633
0.55,2.54858
0.56,2.55082
0.57,2.55396
0.58,2.55709
0.59,2.5611
0.6,2.5651
0.61,2.56997
0.62,2.57483
0.63,2.58054
0.64,2.58624
0.65,2.59276
0.66,2.59929
0.67,2.6066
0.68,2.61391
0.69,2.62198
0.7,2.63006
0.71,2.63886
0.72,2.64766
0.73,2.65716
0.74,2.66666
0.75,2.67682
0.76,2.68697
0.77,2.69775
0.78,2.70852
0.79,2.71987
0.8,2.73122
0.81,2.7431
0.82,2.75498
0.83,2.76734
0.84,2.77971
0.85,2.7925
0.86,2.8053
0.87,2.81848
0.88,2.83167
0.89,2.84518
0.9,2.85869
0.91,2.87249
0.92,2.88628
0.93,2.9003
0.94,2.91431
0.95,2.9285
0.96,2.94269
0.97,2.95699
0.98,2.97129
0.99,2.98564
1,3
0,3
0.01,2.98634
0.02,2.97267
0.03,2.95906
0.04,2.94545
0.05,2.93194
0.06,2.91844
0.07,2.9051
0.08,2.89176
0.09,2.87863
0.1,2.8655
0.11,2.85264
0.12,2.83977
0.13,2.82722
0.14,2.81468
0.15,2.8025
0.16,2.79031
0.17,2.77855
0.18,2.76678
0.19,2.75547
0.2,2.74416
0.21,2.73336
0.22,2.72256
0.23,2.7123
0.24,2.70205
0.25,2.69238
0.26,2.68271
0.27,2.67367
0.28,2.66463
0.29,2.65625
0.3,2.64787
0.31,2.64019
0.32,2.6325
0.33,2.62554
0.34,2.61858
0.35,2.61238
0.36,2.60617
0.37,2.60074
0.38,2.59531
0.39,2.59068
0.4,2.58605
0.41,2.58223
0.42,2.57842
0.43,2.57544
0.44,2.57245
0.45,2.57032
0.46,2.56818
0.47,2.56689
0.48,2.5656
0.49,2.56517
0.5,2.56474
0.51,2.56517
0.52,2.5656
0.53,2.56689
0.54,2.56818
0.55,2.57032
0.56,2.57245
0.57,2.57544
0.58,2.57842
0.59,2.58223
0.6,2.58605
0.61,2.59068
0.62,2.59531
0.63,2.60074
0.64,2.60617
0.65,2.61238
0.66,2.61858
0.67,2.62554
0.68,2.6325
0.69,2.64019
0.7,2.64787
0.71,2.65625
0.72,2.66463
0.73,2.67367
0.74,2.68271
0.75,2.69238
0.76,2.70205
0.77,2.7123
0.78,2.72256
0.79,2.73336
0.8,2.74416
0.81,2.75547
0.82,2.76678
0.83,2.77855
0.84,2.79031
0.85,2.8025
0.86,2.81468
0.87,2.82722
0.88,2.83977
0.89,2.85264
0.9,2.8655
0.91,2.87863
0.92,2.89176
0.93,2.9051
0.94,2.91844
0.95,2.93194
0.96,2.94545
0.97,2.95906
0.98,2.97267
0.99,2.98634
1,3
0,3
0.01,2.98699
0.02,2.97399
0.03,2.96103
0.04,2.94808
0.05,2.93522
0.06,2.92237
0.07,2.90967
0.08,2.89697
0.09,2.88447
0.1,2.87198
0.11,2.85973
0.12,2.84749
0.13,2.83555
0.14,2.8236
0.15,2.81201
0.16,2.80041
0.17,2.78921
0.18,2.77801
0.19,2.76725
0.2,2.75648
0.21,2.7462
0.22,2.73592
0.23,2.72616
0.24,2.7164
0.25,2.70719
0.26,2.69799
0.27,2.68939
0.28,2.68078
0.29,2.6728
0.3,2.66483
0.31,2.65751
0.32,2.6502
0.33,2.64358
0.34,2.63695
0.35,2.63104
0.36,2.62514
0.37,2.61997
0.38,2.6148
0.39,2.61039
0.4,2.60598
0.41,2.60235
0.42,2.59872
0.43,2.59588
0.44,2.59304
0.45,2.59101
0.46,2.58897
0.47,2.58775
0.48,2.58652
0.49,2.58611
0.5,2.58571
0.51,2.58611
0.52,2.58652
0.53,2.58775
0.54,2.58897
0.55,2.59101
0.56,2.59304
0.57,2.59588
0.58,2.59872
0.59,2.60235
0.6,2.60598
0.61,2.61039
0.62,2.6148
0.63,2.61997
0.64,2.62514
0.65,2.63104
0.66,2.63695
0.67,2.64358
0.68,2.6502
0.69,2.65751
0.7,2.66483
0.71,2.6728
0.72,2.68078
0.73,2.68939
0.74,2.69799
0.75,2.70719
0.76,2.7164
0.77,2.72616
0.78,2.73592
0.79,2.7462
0.8,2.75648
0.81,2.76725
0.82,2.77801
0.83,2.78921
0.84,2.80041
0.85,2.81201
0.86,2.8236
0.87,2.83555
0.88,2.84749
0.89,2.85973
0.9,2.87198
0.91,2.88447
0.92,2.89697
0.93,2.90967
0.94,2.92237
0.95,2.93522
0.96,2.94808
0.97,2.96103
0.98,2.97399
0.99,2.98699
1,3
0,3
0.01,2.98762
0.02,2.97524
0.03,2.96291
0.04,2.95058
0.05,2.93834
0.06,2.92611
0.07,2.91402
0.08,2.90193
0.09,2.89004
0.1,2.87814
0.11,2.86649
0.12,2.85483
0.13,2.84346
0.14,2.8321
0.15,2.82106
0.16,2.81002
0.17,2.79936
0.18,2.7887
0.19,2.77846
0.2,2.76821
0.21,2.75842
0.22,2.74864
0.23,2.73935
0.24,2.73005
0.25,2.7213
0.26,2.71254
0.27,2.70435
0.28,2.69615
0.29,2.68856
0.3,2.68097
0.31,2.67401
0.32,2.66705
0.33,2.66074
0.34,2.65443
0.35,2.64881
0.36,2.64319
0.37,2.63827
0.38,2.63335
0.39,2.62915
0.4,2.62496
0.41,2.6215
0.42,2.61805
0.43,2.61534
0.44,2.61264
0.45,2.6107
0.46,2.60877
0.47,2.6076
0.48,2.60644
0.49,2.60605
0.5,2.60566
0.51,2.60605
0.52,2.60644
0.53,2.6076
0.54,2.60877
0.55,2.6107
0.56,2.61264
0.57,2.61534
0.58,2.61805
0.59,2.6215
0.6,2.62496
0.61,2.62915
0.62,2.63335
0.63,2.63827
0.64,2.64319
0.65,2.64881
0.66,2.65443
0.67,2.66074
0.68,2.66705
0.69,2.67401
0.7,2.68097
0.71,2.68856
0.72,2.69615
0.73,2.70435
0.74,2.71254
0.75,2.7213
0.76,2.73005
0.77,2.73935
0.78,2.74864
0.79,2.75842
0.8,2.76821
0.81,2.77846
0.82,2.7887
0.83,2.79936
0.84,2.81002
0.85,2.82106
0.86,2.8321
0.87,2.84346
0.88,2.85483
0.89,2.86649
0.9,2.87814
0.91,2.89004
0.92,2.90193
0.93,2.91402
0.94,2.92611
0.95,2.93834
0.96,2.95058
0.97,2.96291
0.98,2.97524
0.99,2.98762
1,3
0,3
0.01,2.98822
0.02,2.97643
0.03,2.96469
0.04,2.95296
0.05,2.94131
0.06,2.92967
0.07,2.91816
0.08,2.90665
0.09,2.89533
0.1,2.88401
0.11,2.87292
0.12,2.86182
0.13,2.851
0.14,2.84018
0.15,2.82968
0.16,2.81917
0.17,2.80902
0.18,2.79888
0.19,2.78912
0.2,2.77937
0.21,2.77006
0.22,2.76074
0.23,2.7519
0.24,2.74305
0.25,2.73472
0.26,2.72638
0.27,2.71858
0.28,2.71079
0.29,2.70356
0.3,2.69633
0.31,2.68971
0.32,2.68308
0.33,2.67708
0.34,2.67108
0.35,2.66572
0.36,2.66037
0.37,2.65569
0.38,2.65101
0.39,2.64701
0.4,2.64302
0.41,2.63973
0.42,2.63644
0.43,2.63387
0.44,2.6313
0.45,2.62945
0.46,2.62761
0.47,2.6265
0.48,2.62539
0.49,2.62502
0.5,2.62465
0.51,2.62502
0.52,2.62539
0.53,2.6265
0.54,2.62761
0.55,2.62945
0.56,2.6313
0.57,2.63387
0.58,2.63644
0.59,2.63973
0.6,2.64302
0.61,2.64701
0.62,2.65101
0.63,2.65569
0.64,2.66037
0.65,2.66572
0.66,2.67108
0.67,2.67708
0.68,2.68308
0.69,2.68971
0.7,2.69633
0.71,2.70356
0.72,2.71079
0.73,2.71858
0.74,2.72638
0.75,2.73472
0.76,2.74305
0.77,2.7519
0.78,2.76074
0.79,2.77006
0.8,2.77937
0.81,2.78912
0.82,2.79888
0.83,2.80902
0.84,2.81917
0.85,2.82968
0.86,2.84018
0.87,2.851
0.88,2.86182
0.89,2.87292
0.9,2.88401
0.91,2.89533
0.92,2.90665
0.93,2.91816
0.94,2.92967
0.95,2.94131
0.96,2.95296
0.97,2.96469
0.98,2.97643
0.99,2.98822
1,3
0,3
0.01,2.98878
0.02,2.97757
0.03,2.96639
0.04,2.95522
0.05,2.94414
0.06,2.93305
0.07,2.9221
0.08,2.91115
0.09,2.90037
0.1,2.8896
0.11,2.87904
0.12,2.86848
0.13,2.85818
0.14,2.84788
0.15,2.83788
0.16,2.82788
0.17,2.81822
0.18,2.80856
0.19,2.79928
0.2,2.79
0.21,2.78113
0.22,2.77226
0.23,2.76385
0.24,2.75543
0.25,2.74749
0.26,2.73956
0.27,2.73214
0.28,2.72471
0.29,2.71784
0.3,2.71096
0.31,2.70465
0.32,2.69834
0.33,2.69263
0.34,2.68692
0.35,2.68182
0.36,2.67673
0.37,2.67227
0.38,2.66781
0.39,2.66401
0.4,2.66021
0.41,2.65708
0.42,2.65395
0.43,2.6515
0.44,2.64905
0.45,2.6473
0.46,2.64554
0.47,2.64449
0.48,2.64343
0.49,2.64308
0.5,2.64272
0.51,2.64308
0.52,2.64343
0.53,2.64449
0.54,2.64554
0.55,2.6473
0.56,2.64905
0.57,2.6515
0.58,2.65395
0.59,2.65708
0.6,2.66021
0.61,2.66401
0.62,2.66781
0.63,2.67227
0.64,2.67673
0.65,2.68182
0.66,2.68692
0.67,2.69263
0.68,2.69834
0.69,2.70465
0.7,2.71096
0.71,2.71784
0.72,2.72471
0.73,2.73214
0.74,2.73956
0.75,2.74749
0.76,2.75543
0.77,2.76385
0.78,2.77226
0.79,2.78113
0.8,2.79
0.81,2.79928
0.82,2.80856
0.83,2.81822
0.84,2.82788
0.85,2.83788
0.86,2.84788
0.87,2.85818
0.88,2.86848
0.89,2.87904
0.9,2.8896
0.91,2.90037
0.92,2.91115
0.93,2.9221
0.94,2.93305
0.95,2.94414
0.96,2.95522
0.97,2.96639
0.98,2.97757
0.99,2.98878
1,3
0,3
0.01,2.98932
0.02,2.97865
0.03,2.96801
0.04,2.95738
0.05,2.94683
0.06,2.93628
0.07,2.92585
0.08,2.91543
0.09,2.90517
0.1,2.89491
0.11,2.88486
0.12,2.87481
0.13,2.86501
0.14,2.85521
0.15,2.84569
0.16,2.83617
0.17,2.82698
0.18,2.81778
0.19,2.80895
0.2,2.80011
0.21,2.79167
0.22,2.78323
0.23,2.77522
0.24,2.76721
0.25,2.75965
0.26,2.7521
0.27,2.74504
0.28,2.73797
0.29,2.73142
0.3,2.72488
0.31,2.71887
0.32,2.71287
0.33,2.70743
0.34,2.70199
0.35,2.69714
0.36,2.6923
0.37,2.68805
0.38,2.68381
0.39,2.68019
0.4,2.67657
0.41,2.67359
0.42,2.67061
0.43,2.66828
0.44,2.66595
0.45,2.66428
0.46,2.66261
0.47,2.66161
0.48,2.6606
0.49,2.66027
0.5,2.65993
0.51,2.66027
0.52,2.6606
0.53,2.66161
0.54,2.66261
0.55,2.66428
0.56,2.66595
0.57,2.66828
0.58,2.67061
0.59,2.67359
0.6,2.67657
0.61,2.68019
0.62,2.68381
0.63,2.68805
0.64,2.6923
0.65,2.69714
0.66,2.70199
0.67,2.70743
0.68,2.71287
0.69,2.71887
0.7,2.72488
0.71,2.73142
0.72,2.73797
0.73,2.74504
0.74,2.7521
0.75,2.75965
0.76,2.76721
0.77,2.77522
0.78,2.78323
0.79,2.79167
0.8,2.80011
0.81,2.80895
0.82,2.81778
0.83,2.82698
0.84,2.83617
0.85,2.84569
0.86,2.85521
0.87,2.86501
0.88,2.87481
0.89,2.88486
0.9,2.89491
0.91,2.90517
0.92,2.91543
0.93,2.92585
0.94,2.93628
0.95,2.94683
0.96,2.95738
0.97,2.96801
0.98,2.97865
0.99,2.98932
1,3
